District,Average Evapotranspiration,Year,Month,Total Evaporation
3,1.85,2018,7,57.35
3,1.9,2018,8,58.9
3,2.13,2018,9,63.9
3,1.91,2018,10,59.21
3,0.69,2018,11,20.7
3,0.27,2018,12,8.37
3,0.95,2019,1,29.45
3,0.8,2019,2,22.4
3,0.42,2019,3,13.02
3,0.7,2019,4,21.0
3,1.27,2019,5,39.37
3,2.36,2019,6,70.8
3,2.57,2019,7,79.67
3,3.68,2019,8,114.08
3,3.38,2019,9,101.4
3,2.73,2019,10,84.63
3,2.05,2019,11,61.5
3,1.0,2019,12,31.0
3,0.39,2020,1,12.09
3,0.15,2020,2,4.35
3,0.1,2020,3,3.1
3,0.67,2020,4,20.1
3,1.5,2020,5,46.5
3,2.71,2020,6,81.3
3,3.31,2020,7,102.61
3,3.8,2020,8,117.8
3,3.29,2020,9,98.7
3,3.32,2020,10,102.92
3,1.8,2020,11,54.0
3,0.94,2020,12,29.14
3,0.86,2021,1,26.66
3,0.7,2021,2,19.6
3,0.48,2021,3,14.88
3,0.67,2021,4,20.1
3,1.35,2021,5,41.85
3,2.34,2021,6,70.2
3,3.03,2021,7,93.93
3,2.85,2021,8,88.35
3,2.52,2021,9,75.6
3,2.33,2021,10,72.23
3,0.94,2021,12,29.14
3,0.66,2022,1,20.46
3,0.59,2022,2,16.52
3,0.37,2022,3,11.47
3,0.41,2022,4,12.3
3,1.47,2022,5,45.57
3,2.61,2022,6,78.3
3,2.48,2022,7,76.88
3,4.0,2022,8,124.0
3,3.52,2022,9,105.6
3,3.04,2022,10,94.24
3,1.63,2022,11,48.9
3,0.77,2022,12,23.87
3,0.53,2023,1,16.43
3,0.36,2023,2,10.08
3,0.42,2023,3,13.02
3,0.46,2023,4,13.8
3,1.47,2023,5,45.57
3,1.68,2023,6,50.4
3,2.05,2023,7,63.55
3,1.83,2023,8,56.73
3,2.62,2023,9,78.6
3,1.36,2023,10,42.16
3,0.96,2023,11,28.8
3,0.37,2023,12,11.47
3,0.2,2024,1,6.2
3,0.15,2024,2,4.35
3,0.11,2024,3,3.41
3,0.16,2024,4,4.8
3,1.2,2024,5,37.2
3,2.63,2024,6,78.9
3,2.08,2024,7,64.48
3,3.29,2024,8,101.99
3,2.71,2024,9,81.3
3,3.19,2024,10,98.89
6,2.84,2018,7,88.04
6,2.86,2018,8,88.66
6,2.91,2018,9,87.3
6,2.52,2018,10,78.12
6,1.58,2018,11,47.4
6,1.23,2018,12,38.13
6,1.51,2019,1,46.81
6,1.53,2019,2,42.84
6,0.49,2019,3,15.19
6,0.5,2019,4,15.0
6,1.71,2019,5,53.01
6,2.44,2019,6,73.2
6,3.22,2019,7,99.82
6,3.74,2019,8,115.94
6,3.51,2019,9,105.3
6,2.62,2019,10,81.22
6,1.98,2019,11,59.4
6,1.63,2019,12,50.53
6,1.03,2020,1,31.93
6,0.57,2020,2,16.53
6,0.31,2020,3,9.61
6,1.21,2020,4,36.3
6,1.67,2020,5,51.77
6,3.15,2020,6,94.5
6,3.8,2020,7,117.8
6,3.75,2020,8,116.25
6,3.07,2020,9,92.1
6,3.44,2020,10,106.64
6,2.67,2020,11,80.1
6,1.9,2020,12,58.9
6,1.31,2021,1,40.61
6,1.04,2021,2,29.12
6,0.79,2021,3,24.49
6,0.85,2021,4,25.5
6,1.1,2021,5,34.1
6,2.06,2021,6,61.8
6,3.62,2021,7,112.22
6,3.51,2021,8,108.81
6,3.76,2021,9,112.8
6,3.48,2021,10,107.88
6,1.69,2021,12,52.39
6,0.96,2022,1,29.76
6,0.83,2022,2,23.24
6,0.65,2022,3,20.15
6,0.52,2022,4,15.6
6,2.01,2022,5,62.31
6,2.62,2022,6,78.6
6,2.95,2022,7,91.45
6,3.83,2022,8,118.73
6,3.71,2022,9,111.3
6,2.78,2022,10,86.18
6,2.32,2022,11,69.6
6,1.61,2022,12,49.91
6,0.9,2023,1,27.9
6,0.71,2023,2,19.88
6,1.05,2023,3,32.55
6,1.19,2023,4,35.7
6,1.72,2023,5,53.32
6,2.2,2023,6,66.0
6,2.6,2023,7,80.6
6,2.29,2023,8,70.99
6,3.8,2023,9,114.0
6,2.18,2023,10,67.58
6,1.72,2023,11,51.6
6,1.44,2023,12,44.64
6,0.76,2024,1,23.56
6,0.53,2024,2,15.37
6,0.32,2024,3,9.92
6,0.15,2024,4,4.5
6,1.3,2024,5,40.3
6,2.88,2024,6,86.4
6,2.99,2024,7,92.69
6,3.94,2024,8,122.14
6,3.02,2024,9,90.6
6,3.65,2024,10,113.15
7,3.8,2018,7,117.8
7,3.01,2018,8,93.31
7,3.21,2018,9,96.3
7,2.63,2018,10,81.53
7,1.44,2018,11,43.2
7,1.38,2018,12,42.78
7,2.27,2019,1,70.37
7,2.33,2019,2,65.24
7,0.8,2019,3,24.8
7,0.66,2019,4,19.8
7,0.74,2019,5,22.94
7,2.7,2019,6,81.0
7,3.15,2019,7,97.65
7,3.41,2019,8,105.71
7,3.03,2019,9,90.9
7,2.66,2019,10,82.46
7,2.05,2019,11,61.5
7,1.47,2019,12,45.57
7,1.06,2020,1,32.86
7,0.47,2020,2,13.63
7,0.29,2020,3,8.99
7,1.36,2020,4,40.8
7,2.35,2020,5,72.85
7,4.21,2020,6,126.3
7,3.97,2020,7,123.07
7,3.28,2020,8,101.68
7,3.59,2020,9,107.7
7,4.26,2020,10,132.06
7,2.27,2020,11,68.1
7,1.68,2020,12,52.08
7,1.23,2021,1,38.13
7,0.68,2021,2,19.04
7,0.51,2021,3,15.81
7,1.13,2021,4,33.9
7,2.0,2021,5,62.0
7,2.48,2021,6,74.4
7,3.94,2021,7,122.14
7,4.03,2021,8,124.93
7,4.26,2021,9,127.8
7,4.27,2021,10,132.37
7,1.52,2021,12,47.12
7,0.87,2022,1,26.97
7,0.62,2022,2,17.36
7,0.56,2022,3,17.36
7,0.61,2022,4,18.3
7,1.81,2022,5,56.11
7,3.11,2022,6,93.3
7,3.91,2022,7,121.21
7,4.27,2022,8,132.37
7,4.28,2022,9,128.4
7,4.05,2022,10,125.55
7,1.6,2022,11,48.0
7,1.22,2022,12,37.82
7,0.88,2023,1,27.28
7,0.45,2023,2,12.6
7,1.47,2023,3,45.57
7,1.19,2023,4,35.7
7,2.53,2023,5,78.43
7,2.62,2023,6,78.6
7,3.98,2023,7,123.38
7,3.67,2023,8,113.77
7,4.11,2023,9,123.3
7,1.95,2023,10,60.45
7,1.16,2023,11,34.8
7,1.98,2023,12,61.38
7,0.77,2024,1,23.87
7,0.41,2024,2,11.89
7,0.33,2024,3,10.23
7,0.23,2024,4,6.9
7,1.66,2024,5,51.46
7,3.39,2024,6,101.7
7,3.65,2024,7,113.15
7,4.58,2024,8,141.98
7,4.69,2024,9,140.7
7,4.73,2024,10,146.63
9,3.33,2018,7,103.23
9,2.86,2018,8,88.66
9,2.81,2018,9,84.3
9,2.24,2018,10,69.44
9,1.26,2018,11,37.8
9,0.84,2018,12,26.04
9,1.04,2019,1,32.24
9,0.85,2019,2,23.8
9,0.47,2019,3,14.57
9,0.63,2019,4,18.9
9,0.76,2019,5,23.56
9,1.68,2019,6,50.4
9,3.42,2019,7,106.02
9,3.81,2019,8,118.11
9,3.24,2019,9,97.2
9,2.72,2019,10,84.32
9,1.94,2019,11,58.2
9,1.36,2019,12,42.16
9,0.6,2020,1,18.6
9,0.23,2020,2,6.67
9,0.27,2020,3,8.37
9,0.73,2020,4,21.9
9,1.46,2020,5,45.26
9,3.29,2020,6,98.7
9,3.97,2020,7,123.07
9,3.39,2020,8,105.09
9,3.36,2020,9,100.8
9,3.81,2020,10,118.11
9,2.23,2020,11,66.9
9,1.48,2020,12,45.88
9,0.79,2021,1,24.49
9,0.41,2021,2,11.48
9,0.41,2021,3,12.71
9,0.46,2021,4,13.8
9,1.15,2021,5,35.65
9,2.09,2021,6,62.7
9,3.74,2021,7,115.94
9,3.88,2021,8,120.28
9,4.16,2021,9,124.8
9,3.81,2021,10,118.11
9,1.33,2021,12,41.23
9,0.6,2022,1,18.6
9,0.43,2022,2,12.04
9,0.34,2022,3,10.54
9,0.18,2022,4,5.4
9,1.35,2022,5,41.85
9,1.94,2022,6,58.2
9,3.6,2022,7,111.6
9,3.95,2022,8,122.45
9,3.52,2022,9,105.6
9,3.69,2022,10,114.39
9,1.64,2022,11,49.2
9,0.97,2022,12,30.07
9,0.43,2023,1,13.33
9,0.21,2023,2,5.88
9,0.79,2023,3,24.49
9,1.19,2023,4,35.7
9,1.94,2023,5,60.14
9,2.11,2023,6,63.3
9,3.26,2023,7,101.06
9,3.48,2023,8,107.88
9,3.95,2023,9,118.5
9,1.81,2023,10,56.11
9,1.17,2023,11,35.1
9,1.6,2023,12,49.6
9,0.64,2024,1,19.84
9,0.33,2024,2,9.57
9,0.17,2024,3,5.27
9,0.13,2024,4,3.9
9,1.5,2024,5,46.5
9,2.64,2024,6,79.2
9,3.3,2024,7,102.3
9,4.03,2024,8,124.93
9,4.28,2024,9,128.4
9,4.04,2024,10,125.24
13,2.91,2018,7,90.21
13,2.44,2018,8,75.64
13,2.34,2018,9,70.2
13,1.72,2018,10,53.32
13,1.0,2018,11,30.0
13,0.95,2018,12,29.45
13,1.3,2019,1,40.3
13,0.88,2019,2,24.64
13,0.36,2019,3,11.16
13,0.32,2019,4,9.6
13,0.47,2019,5,14.57
13,1.15,2019,6,34.5
13,2.78,2019,7,86.18
13,2.94,2019,8,91.14
13,2.51,2019,9,75.3
13,2.12,2019,10,65.72
13,1.62,2019,11,48.6
13,0.98,2019,12,30.38
13,0.58,2020,1,17.98
13,0.22,2020,2,6.38
13,0.28,2020,3,8.68
13,0.68,2020,4,20.4
13,1.36,2020,5,42.16
13,2.94,2020,6,88.2
13,3.19,2020,7,98.89
13,2.61,2020,8,80.91
13,2.69,2020,9,80.7
13,3.43,2020,10,106.33
13,1.91,2020,11,57.3
13,1.32,2020,12,40.92
13,0.8,2021,1,24.8
13,0.4,2021,2,11.2
13,0.3,2021,3,9.3
13,0.47,2021,4,14.1
13,1.17,2021,5,36.27
13,2.36,2021,6,70.8
13,3.54,2021,7,109.74
13,3.52,2021,8,109.12
13,3.64,2021,9,109.2
13,3.52,2021,10,109.12
13,1.11,2021,12,34.41
13,0.51,2022,1,15.81
13,0.31,2022,2,8.68
13,0.27,2022,3,8.37
13,0.14,2022,4,4.2
13,0.67,2022,5,20.77
13,1.76,2022,6,52.8
13,3.39,2022,7,105.09
13,3.51,2022,8,108.81
13,3.24,2022,9,97.2
13,3.35,2022,10,103.85
13,1.34,2022,11,40.2
13,0.83,2022,12,25.73
13,0.41,2023,1,12.71
13,0.2,2023,2,5.6
13,0.84,2023,3,26.04
13,1.0,2023,4,30.0
13,1.85,2023,5,57.35
13,2.01,2023,6,60.3
13,3.03,2023,7,93.93
13,3.06,2023,8,94.86
13,3.23,2023,9,96.9
13,1.87,2023,10,57.97
13,1.08,2023,11,32.4
13,1.48,2023,12,45.88
13,0.6,2024,1,18.6
13,0.31,2024,2,8.99
13,0.16,2024,3,4.96
13,0.1,2024,4,3.0
13,1.36,2024,5,42.16
13,2.85,2024,6,85.5
13,3.04,2024,7,94.24
13,3.71,2024,8,115.01
13,3.74,2024,9,112.2
13,3.71,2024,10,115.01
10,2.48,2018,7,76.88
10,2.28,2018,8,70.68
10,2.46,2018,9,73.8
10,2.19,2018,10,67.89
10,0.76,2018,11,22.8
10,0.31,2018,12,9.61
10,0.88,2019,1,27.28
10,0.99,2019,2,27.72
10,0.45,2019,3,13.95
10,0.51,2019,4,15.3
10,1.02,2019,5,31.62
10,2.57,2019,6,77.1
10,3.19,2019,7,98.89
10,3.93,2019,8,121.83
10,3.58,2019,9,107.4
10,2.84,2019,10,88.04
10,2.08,2019,11,62.4
10,1.23,2019,12,38.13
10,0.49,2020,1,15.19
10,0.13,2020,2,3.77
10,0.1,2020,3,3.1
10,0.66,2020,4,19.8
10,1.81,2020,5,56.11
10,3.1,2020,6,93.0
10,3.54,2020,7,109.74
10,3.67,2020,8,113.77
10,3.47,2020,9,104.1
10,3.46,2020,10,107.26
10,1.8,2020,11,54.0
10,1.1,2020,12,34.1
10,0.87,2021,1,26.97
10,0.54,2021,2,15.12
10,0.48,2021,3,14.88
10,0.56,2021,4,16.8
10,1.31,2021,5,40.61
10,2.31,2021,6,69.3
10,3.41,2021,7,105.71
10,2.83,2021,8,87.73
10,2.97,2021,9,89.1
10,2.2,2021,10,68.2
10,1.04,2021,12,32.24
10,0.54,2022,1,16.74
10,0.34,2022,2,9.52
10,0.24,2022,3,7.44
10,0.38,2022,4,11.4
10,1.51,2022,5,46.81
10,2.33,2022,6,69.9
10,3.04,2022,7,94.24
10,3.79,2022,8,117.49
10,3.14,2022,9,94.2
10,3.29,2022,10,101.99
10,1.23,2022,11,36.9
10,0.65,2022,12,20.15
10,0.33,2023,1,10.23
10,0.19,2023,2,5.32
10,0.36,2023,3,11.16
10,0.55,2023,4,16.5
10,1.75,2023,5,54.25
10,1.78,2023,6,53.4
10,2.6,2023,7,80.6
10,2.54,2023,8,78.74
10,2.94,2023,9,88.2
10,1.09,2023,10,33.79
10,0.75,2023,11,22.5
10,0.4,2023,12,12.4
10,0.16,2024,1,4.96
10,0.1,2024,2,2.9
10,0.09,2024,3,2.79
10,0.22,2024,4,6.6
10,1.41,2024,5,43.71
10,2.84,2024,6,85.2
10,2.83,2024,7,87.73
10,3.84,2024,8,119.04
10,3.84,2024,9,115.2
10,3.51,2024,10,108.81
18,2.65,2018,7,82.15
18,2.81,2018,8,87.11
18,2.97,2018,9,89.1
18,2.23,2018,10,69.13
18,1.1,2018,11,33.0
18,0.72,2018,12,22.32
18,0.92,2019,1,28.52
18,0.95,2019,2,26.6
18,0.39,2019,3,12.09
18,0.6,2019,4,18.0
18,1.07,2019,5,33.17
18,1.66,2019,6,49.8
18,3.17,2019,7,98.27
18,3.8,2019,8,117.8
18,3.36,2019,9,100.8
18,2.75,2019,10,85.25
18,1.92,2019,11,57.6
18,1.44,2019,12,44.64
18,0.74,2020,1,22.94
18,0.34,2020,2,9.86
18,0.36,2020,3,11.16
18,1.0,2020,4,30.0
18,1.58,2020,5,48.98
18,3.09,2020,6,92.7
18,3.73,2020,7,115.63
18,3.53,2020,8,109.43
18,3.32,2020,9,99.6
18,3.36,2020,10,104.16
18,2.24,2020,11,67.2
18,1.62,2020,12,50.22
18,1.03,2021,1,31.93
18,0.71,2021,2,19.88
18,0.54,2021,3,16.74
18,0.63,2021,4,18.9
18,1.26,2021,5,39.06
18,1.79,2021,6,53.7
18,3.23,2021,7,100.13
18,2.89,2021,8,89.59
18,3.32,2021,9,99.6
18,2.63,2021,10,81.53
18,1.42,2021,12,44.02
18,0.71,2022,1,22.01
18,0.53,2022,2,14.84
18,0.45,2022,3,13.95
18,0.24,2022,4,7.2
18,1.43,2022,5,44.33
18,2.02,2022,6,60.6
18,2.81,2022,7,87.11
18,3.26,2022,8,101.06
18,3.09,2022,9,92.7
18,3.3,2022,10,102.3
18,1.85,2022,11,55.5
18,1.32,2022,12,40.92
18,0.69,2023,1,21.39
18,0.47,2023,2,13.16
18,0.71,2023,3,22.01
18,1.23,2023,4,36.9
18,1.66,2023,5,51.46
18,1.93,2023,6,57.9
18,2.85,2023,7,88.35
18,2.26,2023,8,70.06
18,3.08,2023,9,92.4
18,1.33,2023,10,41.23
18,1.42,2023,11,42.6
18,1.39,2023,12,43.09
18,0.58,2024,1,17.98
18,0.36,2024,2,10.44
18,0.21,2024,3,6.51
18,0.14,2024,4,4.2
18,1.27,2024,5,39.37
18,2.51,2024,6,75.3
18,3.0,2024,7,93.0
18,3.52,2024,8,109.12
18,3.88,2024,9,116.4
18,3.39,2024,10,105.09
20,1.82,2018,7,56.42
20,2.71,2018,8,84.01
20,2.73,2018,9,81.9
20,2.09,2018,10,64.79
20,1.53,2018,11,45.9
20,1.16,2018,12,35.96
20,0.84,2019,1,26.04
20,0.81,2019,2,22.68
20,0.41,2019,3,12.71
20,0.34,2019,4,10.2
20,0.69,2019,5,21.39
20,0.91,2019,6,27.3
20,2.23,2019,7,69.13
20,3.6,2019,8,111.6
20,3.51,2019,9,105.3
20,2.74,2019,10,84.94
20,1.8,2019,11,54.0
20,1.47,2019,12,45.57
20,1.09,2020,1,33.79
20,0.59,2020,2,17.11
20,0.43,2020,3,13.33
20,1.01,2020,4,30.3
20,1.33,2020,5,41.23
20,2.93,2020,6,87.9
20,3.57,2020,7,110.67
20,3.74,2020,8,115.94
20,3.19,2020,9,95.7
20,2.79,2020,10,86.49
20,2.51,2020,11,75.3
20,1.89,2020,12,58.59
20,1.55,2021,1,48.05
20,1.02,2021,2,28.56
20,0.78,2021,3,24.18
20,0.84,2021,4,25.2
20,0.81,2021,5,25.11
20,1.01,2021,6,30.3
20,2.85,2021,7,88.35
20,2.72,2021,8,84.32
20,2.95,2021,9,88.5
20,2.57,2021,10,79.67
20,1.76,2021,12,54.56
20,0.99,2022,1,30.69
20,0.7,2022,2,19.6
20,0.58,2022,3,17.98
20,0.3,2022,4,9.0
20,1.56,2022,5,48.36
20,2.3,2022,6,69.0
20,3.12,2022,7,96.72
20,3.23,2022,8,100.13
20,2.91,2022,9,87.3
20,2.77,2022,10,85.87
20,2.42,2022,11,72.6
20,1.77,2022,12,54.87
20,0.97,2023,1,30.07
20,0.6,2023,2,16.8
20,0.98,2023,3,30.38
20,1.28,2023,4,38.4
20,1.37,2023,5,42.47
20,1.5,2023,6,45.0
20,2.72,2023,7,84.32
20,2.01,2023,8,62.31
20,2.22,2023,9,66.6
20,0.94,2023,10,29.14
20,1.85,2023,11,55.5
20,1.64,2023,12,50.84
20,0.75,2024,1,23.25
20,0.44,2024,2,12.76
20,0.31,2024,3,9.61
20,0.15,2024,4,4.5
20,0.95,2024,5,29.45
20,2.43,2024,6,72.9
20,3.28,2024,7,101.68
20,3.03,2024,8,93.93
20,2.82,2024,9,84.6
20,2.54,2024,10,78.74
21,3.07,2018,7,95.17
21,3.24,2018,8,100.44
21,2.89,2018,9,86.7
21,2.09,2018,10,64.79
21,1.08,2018,11,32.4
21,1.02,2018,12,31.62
21,1.68,2019,1,52.08
21,2.0,2019,2,56.0
21,1.21,2019,3,37.51
21,0.91,2019,4,27.3
21,1.89,2019,5,58.59
21,2.54,2019,6,76.2
21,2.87,2019,7,88.97
21,3.22,2019,8,99.82
21,2.77,2019,9,83.1
21,2.41,2019,10,74.71
21,1.77,2019,11,53.1
21,1.13,2019,12,35.03
21,0.85,2020,1,26.35
21,0.91,2020,2,26.39
21,1.44,2020,3,44.64
21,2.16,2020,4,64.8
21,2.44,2020,5,75.64
21,3.27,2020,6,98.1
21,3.33,2020,7,103.23
21,3.5,2020,8,108.5
21,3.07,2020,9,92.1
21,2.64,2020,10,81.84
21,1.49,2020,11,44.7
21,0.54,2020,12,16.74
21,0.52,2021,1,16.12
21,0.26,2021,2,7.28
21,0.28,2021,3,8.68
21,0.56,2021,4,16.8
21,1.36,2021,5,42.16
21,1.77,2021,6,53.1
21,2.44,2021,7,75.64
21,2.72,2021,8,84.32
21,2.95,2021,9,88.5
21,2.73,2021,10,84.63
21,1.19,2021,12,36.89
21,0.6,2022,1,18.6
21,0.54,2022,2,15.12
21,0.54,2022,3,16.74
21,0.3,2022,4,9.0
21,1.41,2022,5,43.71
21,1.8,2022,6,54.0
21,2.44,2022,7,75.64
21,2.75,2022,8,85.25
21,2.85,2022,9,85.5
21,2.52,2022,10,78.12
21,0.94,2022,11,28.2
21,0.4,2022,12,12.4
21,0.3,2023,1,9.3
21,0.16,2023,2,4.48
21,0.77,2023,3,23.87
21,1.21,2023,4,36.3
21,1.31,2023,5,40.61
21,1.52,2023,6,45.6
21,2.57,2023,7,79.67
21,2.94,2023,8,91.14
21,2.84,2023,9,85.2
21,1.67,2023,10,51.77
21,0.54,2023,11,16.2
21,0.77,2023,12,23.87
21,0.37,2024,1,11.47
21,0.23,2024,2,6.67
21,0.41,2024,3,12.71
21,0.38,2024,4,11.4
21,1.12,2024,5,34.72
21,2.04,2024,6,61.2
21,2.23,2024,7,69.13
21,2.96,2024,8,91.76
21,3.09,2024,9,92.7
21,2.83,2024,10,87.73
23,3.47,2018,7,107.57
23,2.86,2018,8,88.66
23,3.07,2018,9,92.1
23,2.27,2018,10,70.37
23,1.25,2018,11,37.5
23,1.2,2018,12,37.2
23,1.96,2019,1,60.76
23,2.65,2019,2,74.2
23,1.85,2019,3,57.35
23,1.49,2019,4,44.7
23,2.18,2019,5,67.58
23,3.07,2019,6,92.1
23,2.84,2019,7,88.04
23,3.09,2019,8,95.79
23,2.71,2019,9,81.3
23,2.31,2019,10,71.61
23,1.8,2019,11,54.0
23,1.38,2019,12,42.78
23,1.08,2020,1,33.48
23,0.65,2020,2,18.85
23,0.89,2020,3,27.59
23,2.09,2020,4,62.7
23,2.95,2020,5,91.45
23,3.78,2020,6,113.4
23,3.55,2020,7,110.05
23,3.05,2020,8,94.55
23,3.25,2020,9,97.5
23,3.98,2020,10,123.38
23,2.24,2020,11,67.2
23,1.3,2020,12,40.3
23,1.03,2021,1,31.93
23,0.44,2021,2,12.32
23,0.5,2021,3,15.5
23,1.68,2021,4,50.4
23,2.39,2021,5,74.09
23,2.82,2021,6,84.6
23,3.3,2021,7,102.3
23,3.51,2021,8,108.81
23,4.06,2021,9,121.8
23,3.88,2021,10,120.28
23,1.46,2021,12,45.26
23,0.73,2022,1,22.63
23,0.54,2022,2,15.12
23,0.45,2022,3,13.95
23,1.54,2022,4,46.2
23,2.45,2022,5,75.95
23,3.21,2022,6,96.3
23,3.21,2022,7,99.51
23,3.74,2022,8,115.94
23,4.0,2022,9,120.0
23,3.68,2022,10,114.08
23,1.45,2022,11,43.5
23,1.14,2022,12,35.34
23,0.7,2023,1,21.7
23,0.33,2023,2,9.24
23,1.35,2023,3,41.85
23,1.41,2023,4,42.3
23,2.46,2023,5,76.26
23,2.55,2023,6,76.5
23,3.66,2023,7,113.46
23,3.47,2023,8,107.57
23,4.03,2023,9,120.9
23,2.28,2023,10,70.68
23,0.97,2023,11,29.1
23,1.85,2023,12,57.35
23,0.71,2024,1,22.01
23,0.46,2024,2,13.34
23,0.3,2024,3,9.3
23,0.7,2024,4,21.0
23,2.09,2024,5,64.79
23,3.36,2024,6,100.8
23,3.27,2024,7,101.37
23,3.92,2024,8,121.52
23,4.36,2024,9,130.8
23,4.29,2024,10,132.99
24,3.4,2018,7,105.4
24,3.26,2018,8,101.06
24,3.08,2018,9,92.4
24,2.19,2018,10,67.89
24,1.25,2018,11,37.5
24,1.11,2018,12,34.41
24,1.73,2019,1,53.63
24,2.18,2019,2,61.04
24,1.32,2019,3,40.92
24,1.59,2019,4,47.7
24,2.38,2019,5,73.78
24,2.82,2019,6,84.6
24,3.02,2019,7,93.62
24,3.47,2019,8,107.57
24,2.91,2019,9,87.3
24,2.42,2019,10,75.02
24,1.85,2019,11,55.5
24,1.27,2019,12,39.37
24,0.94,2020,1,29.14
24,0.75,2020,2,21.75
24,1.25,2020,3,38.75
24,2.4,2020,4,72.0
24,3.1,2020,5,96.1
24,3.65,2020,6,109.5
24,3.61,2020,7,111.91
24,3.53,2020,8,109.43
24,3.25,2020,9,97.5
24,3.91,2020,10,121.21
24,1.99,2020,11,59.7
24,0.8,2020,12,24.8
24,0.72,2021,1,22.32
24,0.34,2021,2,9.52
24,0.45,2021,3,13.95
24,1.16,2021,4,34.8
24,2.1,2021,5,65.1
24,2.63,2021,6,78.9
24,3.64,2021,7,112.84
24,4.12,2021,8,127.72
24,4.28,2021,9,128.4
24,3.92,2021,10,121.52
24,1.66,2021,12,51.46
24,0.97,2022,1,30.07
24,0.79,2022,2,22.12
24,0.69,2022,3,21.39
24,0.59,2022,4,17.7
24,2.31,2022,5,71.61
24,2.84,2022,6,85.2
24,3.62,2022,7,112.22
24,4.13,2022,8,128.03
24,4.27,2022,9,128.1
24,3.7,2022,10,114.7
24,1.41,2022,11,42.3
24,0.75,2022,12,23.25
24,0.5,2023,1,15.5
24,0.26,2023,2,7.28
24,1.19,2023,3,36.89
24,1.91,2023,4,57.3
24,2.01,2023,5,62.31
24,2.14,2023,6,64.2
24,3.78,2023,7,117.18
24,4.3,2023,8,133.3
24,4.27,2023,9,128.1
24,2.52,2023,10,78.12
24,0.74,2023,11,22.2
24,1.44,2023,12,44.64
24,0.58,2024,1,17.98
24,0.4,2024,2,11.6
24,0.51,2024,3,15.81
24,0.63,2024,4,18.9
24,1.86,2024,5,57.66
24,2.84,2024,6,85.2
24,3.37,2024,7,104.47
24,4.4,2024,8,136.4
24,4.6,2024,9,138.0
24,4.23,2024,10,131.13
25,3.63,2018,7,112.53
25,2.91,2018,8,90.21
25,3.07,2018,9,92.1
25,2.54,2018,10,78.74
25,1.55,2018,11,46.5
25,1.23,2018,12,38.13
25,1.84,2019,1,57.04
25,1.6,2019,2,44.8
25,0.55,2019,3,17.05
25,0.26,2019,4,7.8
25,0.4,2019,5,12.4
25,1.51,2019,6,45.3
25,3.3,2019,7,102.3
25,3.5,2019,8,108.5
25,3.04,2019,9,91.2
25,2.57,2019,10,79.67
25,2.04,2019,11,61.2
25,1.29,2019,12,39.99
25,1.01,2020,1,31.31
25,0.47,2020,2,13.63
25,0.31,2020,3,9.61
25,1.61,2020,4,48.3
25,1.69,2020,5,52.39
25,3.88,2020,6,116.4
25,3.9,2020,7,120.9
25,3.17,2020,8,98.27
25,3.4,2020,9,102.0
25,4.01,2020,10,124.31
25,2.38,2020,11,71.4
25,1.6,2020,12,49.6
25,1.14,2021,1,35.34
25,0.5,2021,2,14.0
25,0.4,2021,3,12.4
25,0.73,2021,4,21.9
25,1.55,2021,5,48.05
25,2.19,2021,6,65.7
25,4.03,2021,7,124.93
25,4.07,2021,8,126.17
25,4.25,2021,9,127.5
25,4.05,2021,10,125.55
25,1.5,2021,12,46.5
25,0.91,2022,1,28.21
25,0.56,2022,2,15.68
25,0.45,2022,3,13.95
25,0.34,2022,4,10.2
25,1.24,2022,5,38.44
25,2.59,2022,6,77.7
25,3.92,2022,7,121.52
25,4.26,2022,8,132.06
25,4.01,2022,9,120.3
25,3.89,2022,10,120.59
25,1.56,2022,11,46.8
25,0.98,2022,12,30.38
25,0.69,2023,1,21.39
25,0.34,2023,2,9.52
25,1.12,2023,3,34.72
25,1.21,2023,4,36.3
25,2.03,2023,5,62.93
25,2.32,2023,6,69.6
25,3.62,2023,7,112.22
25,3.74,2023,8,115.94
25,3.65,2023,9,109.5
25,1.85,2023,10,57.35
25,1.32,2023,11,39.6
25,1.77,2023,12,54.87
25,0.84,2024,1,26.04
25,0.33,2024,2,9.57
25,0.31,2024,3,9.61
25,0.18,2024,4,5.4
25,1.4,2024,5,43.4
25,3.03,2024,6,90.9
25,3.57,2024,7,110.67
25,4.52,2024,8,140.12
25,4.41,2024,9,132.3
25,4.49,2024,10,139.19
26,2.31,2018,7,71.61
26,2.9,2018,8,89.9
26,2.95,2018,9,88.5
26,2.39,2018,10,74.09
26,1.07,2018,11,32.1
26,0.66,2018,12,20.46
26,0.85,2019,1,26.35
26,0.75,2019,2,21.0
26,0.3,2019,3,9.3
26,0.4,2019,4,12.0
26,1.25,2019,5,38.75
26,2.11,2019,6,63.3
26,2.72,2019,7,84.32
26,3.78,2019,8,117.18
26,3.75,2019,9,112.5
26,2.96,2019,10,91.76
26,2.07,2019,11,62.1
26,1.5,2019,12,46.5
26,0.94,2020,1,29.14
26,0.56,2020,2,16.24
26,0.29,2020,3,8.99
26,0.76,2020,4,22.8
26,1.0,2020,5,31.0
26,3.09,2020,6,92.7
26,3.79,2020,7,117.49
26,3.97,2020,8,123.07
26,3.4,2020,9,102.0
26,3.23,2020,10,100.13
26,2.56,2020,11,76.8
26,1.93,2020,12,59.83
26,1.51,2021,1,46.81
26,1.04,2021,2,29.12
26,0.8,2021,3,24.8
26,0.77,2021,4,23.1
26,1.02,2021,5,31.62
26,2.2,2021,6,66.0
26,3.24,2021,7,100.44
26,3.0,2021,8,93.0
26,3.05,2021,9,91.5
26,2.85,2021,10,88.35
26,1.66,2021,12,51.46
26,0.83,2022,1,25.73
26,0.77,2022,2,21.56
26,0.63,2022,3,19.53
26,0.37,2022,4,11.1
26,1.72,2022,5,53.32
26,2.69,2022,6,80.7
26,2.63,2022,7,81.53
26,3.42,2022,8,106.02
26,2.9,2022,9,87.0
26,2.74,2022,10,84.94
26,1.96,2022,11,58.8
26,1.39,2022,12,43.09
26,0.76,2023,1,23.56
26,0.59,2023,2,16.52
26,0.89,2023,3,27.59
26,0.85,2023,4,25.5
26,1.49,2023,5,46.19
26,1.52,2023,6,45.6
26,2.22,2023,7,68.82
26,1.82,2023,8,56.42
26,2.84,2023,9,85.2
26,1.34,2023,10,41.54
26,0.96,2023,11,28.8
26,1.3,2023,12,40.3
26,0.61,2024,1,18.91
26,0.39,2024,2,11.31
26,0.21,2024,3,6.51
26,0.13,2024,4,3.9
26,1.18,2024,5,36.58
26,2.72,2024,6,81.6
26,2.7,2024,7,83.7
26,3.14,2024,8,97.34
26,2.8,2024,9,84.0
26,3.15,2024,10,97.65