Basin,District,Gross Capacity,Current Level,Current Storage,Flood Cushion,Inflow,Outflow,Year,Month,reservoir_id
Krishna,10,215.81,862.89,115.13,100.68,0.0,4700.0,2017,1,1
Krishna,9,312.05,518.8,147.04,165.01,12019.0,16891.0,2017,1,2
Krishna,13,3.07,56.82,3.02,0.05,3818.0,1423.0,2017,1,4
Other,7,24.11,253.71,10.54,13.57,129.0,615.0,2017,1,5
Pennar,26,17.74,652.65,5.35,12.39,420.0,292.0,2017,1,6
Other,23,4.96,358.9,1.26,3.7,0.0,0.0,2017,1,7
Other,18,3.86,71.0,1.45,2.41,0.0,330.0,2017,1,8
Other,24,2.51,341.8,2.0,0.51,587.0,315.0,2017,1,9
Other,21,0.61,122.8,0.44,0.17,222.0,222.0,2017,1,10
Pennar,20,78.0,306.07,36.42,41.58,2158.0,3825.0,2017,1,11
Other,20,68.03,222.74,13.67,54.36,0.0,50.0,2017,1,12
Pennar,10,16.95,852.43,9.77,7.18,200.0,3500.0,2017,1,14
Pennar,26,10.0,938.4,1.14,8.86,0.0,41.0,2017,1,16
Pennar,26,9.98,609.12,0.0,9.98,0.0,0.0,2017,1,17
Pennar,26,6.0,-999.0,-999.0,6.0,-999.0,-999.0,2017,1,18
Pennar,10,2.97,865.78,2.44,0.53,-999.0,-999.0,2017,1,20
Pennar,26,1.6,-999.0,-999.0,1.6,-999.0,-999.0,2017,1,21
Pennar,3,0.31,-999.0,-999.0,0.31,-999.0,-999.0,2017,1,22
Krishna,10,215.81,848.88,77.62,138.19,0.0,62134.0,2017,2,1
Krishna,9,312.05,514.6,139.61,172.44,58209.0,1350.0,2017,2,2
Krishna,13,3.07,55.35,2.64,0.43,1882.0,115.0,2017,2,4
Other,7,24.11,246.82,8.52,15.59,65.0,798.0,2017,2,5
Pennar,26,17.74,612.96,0.94,16.8,20.0,342.0,2017,2,6
Other,23,4.96,363.52,1.87,3.09,30.0,0.0,2017,2,7
Other,18,3.86,68.01,1.32,2.54,0.0,30.0,2017,2,8
Other,24,2.51,341.99,2.04,0.47,428.0,301.0,2017,2,9
Other,21,0.61,120.96,0.28,0.33,66.0,66.0,2017,2,10
Pennar,20,78.0,299.98,29.39,48.61,333.0,3750.0,2017,2,11
Other,20,68.03,212.43,9.29,58.74,0.0,1550.0,2017,2,12
Pennar,10,16.95,847.24,7.75,9.2,645.0,50.0,2017,2,14
Pennar,26,10.0,927.99,0.35,9.65,0.0,71.0,2017,2,16
Pennar,26,9.98,609.19,0.0,9.98,-999.0,-999.0,2017,2,17
Pennar,26,6.0,-999.0,-999.0,6.0,-999.0,-999.0,2017,2,18
Pennar,10,2.97,865.94,2.46,0.51,-999.0,-999.0,2017,2,20
Pennar,26,1.6,-999.0,-999.0,1.6,-999.0,-999.0,2017,2,21
Pennar,3,0.31,-999.0,-999.0,0.31,-999.0,-999.0,2017,2,22
Krishna,10,215.81,823.39,43.44,172.37,0.0,12007.0,2017,3,1
Krishna,9,312.05,511.38,134.06,177.99,12007.0,10481.0,2017,3,2
Krishna,13,3.07,56.04,2.84,0.23,1391.0,736.0,2017,3,4
Other,7,24.11,239.14,6.43,17.68,-999.0,-999.0,2017,3,5
Pennar,26,17.74,646.29,4.31,13.43,0.0,-999.0,2017,3,6
Other,23,4.96,350.2,0.51,4.45,-999.0,-999.0,2017,3,7
Other,18,3.86,67.55,1.17,2.69,-999.0,-999.0,2017,3,8
Other,24,2.51,340.29,1.74,0.77,-999.0,-999.0,2017,3,9
Other,21,0.61,112.8,0.04,0.57,120.0,0.0,2017,3,10
Pennar,20,78.0,288.42,18.98,59.02,70.0,3739.0,2017,3,11
Other,20,68.03,-999.0,7.56,60.47,175.0,1202.0,2017,3,12
Pennar,10,16.95,-999.0,5.89,11.06,0.0,463.0,2017,3,14
Pennar,26,10.0,-999.0,0.0,10.0,0.0,0.0,2017,3,16
Pennar,26,9.98,609.12,0.0,9.98,-999.0,-999.0,2017,3,17
Pennar,26,6.0,-999.0,-999.0,6.0,-999.0,-999.0,2017,3,18
Pennar,10,2.97,864.3,2.25,0.72,-999.0,-999.0,2017,3,20
Pennar,26,1.6,-999.0,-999.0,1.6,-999.0,-999.0,2017,3,21
Pennar,3,0.31,-999.0,-999.0,0.31,-999.0,-999.0,2017,3,22
Krishna,10,215.81,806.89,32.54,183.27,0.0,13118.0,2017,4,1
Krishna,9,312.05,508.3,128.8,183.25,13118.0,5413.0,2017,4,2
Krishna,13,3.07,53.48,2.14,0.93,1306.0,1200.0,2017,4,4
Other,7,24.11,-999.0,4.48,19.63,34.0,826.0,2017,4,5
Pennar,26,17.74,612.96,0.94,16.8,-999.0,-999.0,2017,4,6
Other,23,4.96,359.61,1.33,3.63,-999.0,-999.0,2017,4,7
Other,18,3.86,67.55,1.17,2.69,-999.0,-999.0,2017,4,8
Other,24,2.51,339.83,1.67,0.84,-999.0,-999.0,2017,4,9
Other,21,0.61,110.6,0.0,0.61,60.0,73.0,2017,4,10
Pennar,20,78.0,279.04,12.5,65.5,0.0,2118.0,2017,4,11
Other,20,68.03,204.76,6.82,61.21,0.0,137.0,2017,4,12
Pennar,10,16.95,835.93,4.44,12.51,0.0,648.0,2017,4,14
Pennar,26,10.0,927.66,0.34,9.66,0.0,46.0,2017,4,16
Pennar,26,9.98,609.12,0.0,9.98,-999.0,-999.0,2017,4,17
Pennar,26,6.0,-999.0,-999.0,6.0,-999.0,-999.0,2017,4,18
Pennar,10,2.97,845.28,0.59,2.38,-999.0,-999.0,2017,4,20
Pennar,26,1.6,-999.0,-999.0,1.6,-999.0,-999.0,2017,4,21
Pennar,3,0.31,-999.0,-999.0,0.31,-999.0,-999.0,2017,4,22
Krishna,10,215.81,791.31,24.94,190.87,0.0,0.0,2017,5,1
Krishna,9,312.05,504.89,123.17,188.88,0.0,400.0,2017,5,2
Krishna,13,3.07,45.01,0.0,3.07,135.0,0.0,2017,5,4
Other,7,24.11,-999.0,3.56,20.55,56.0,118.0,2017,5,5
Pennar,26,17.74,612.96,0.94,16.8,0.0,42.0,2017,5,6
Other,23,4.96,359.32,1.3,3.66,0.0,0.0,2017,5,7
Other,18,3.86,67.52,1.16,2.7,-999.0,-999.0,2017,5,8
Other,24,2.51,337.47,1.32,1.19,180.0,510.0,2017,5,9
Other,21,0.61,109.09,0.0,0.61,29.0,29.0,2017,5,10
Pennar,20,78.0,272.48,8.82,69.18,0.0,500.0,2017,5,11
Other,20,68.03,200.69,5.68,62.35,0.0,170.0,2017,5,12
Pennar,10,16.95,830.94,3.17,13.78,0.0,243.0,2017,5,14
Pennar,26,10.0,926.71,0.29,9.71,0.0,0.0,2017,5,16
Pennar,26,9.98,609.12,0.0,9.98,-999.0,-999.0,2017,5,17
Pennar,26,6.0,-999.0,-999.0,6.0,-999.0,-999.0,2017,5,18
Pennar,10,2.97,846.42,0.65,2.32,-999.0,-999.0,2017,5,20
Pennar,26,1.6,-999.0,-999.0,1.6,-999.0,-999.0,2017,5,21
Pennar,3,0.31,-999.0,-999.0,0.31,-999.0,-999.0,2017,5,22
Krishna,10,215.81,775.5,18.72,197.09,0.0,0.0,2017,6,1
Krishna,9,312.05,502.4,119.13,192.92,0.0,400.0,2017,6,2
Krishna,13,3.07,52.92,2.01,1.06,4838.0,1534.0,2017,6,4
Other,7,24.11,-999.0,3.07,21.04,35.0,152.0,2017,6,5
Pennar,26,17.74,612.96,0.94,16.8,0.0,122.0,2017,6,6
Other,23,4.96,359.4,1.31,3.65,20.0,0.0,2017,6,7
Other,18,3.86,67.55,1.17,2.69,-999.0,-999.0,2017,6,8
Other,24,2.51,337.83,1.37,1.14,320.0,230.0,2017,6,9
Other,21,0.61,110.27,0.0,0.61,37.0,37.0,2017,6,10
Pennar,20,78.0,269.83,7.5,70.5,0.0,100.0,2017,6,11
Other,20,68.03,198.33,5.09,62.94,0.0,97.0,2017,6,12
Pennar,10,16.95,827.26,2.42,14.53,0.0,81.0,2017,6,14
Pennar,26,10.0,927.2,0.31,9.69,0.0,0.0,2017,6,16
Pennar,26,9.98,609.12,0.0,9.98,-999.0,-999.0,2017,6,17
Pennar,26,6.0,-999.0,-999.0,6.0,-999.0,-999.0,2017,6,18
Pennar,10,2.97,845.18,0.59,2.38,-999.0,-999.0,2017,6,20
Pennar,26,1.6,-999.0,-999.0,1.6,-999.0,-999.0,2017,6,21
Pennar,3,0.31,-999.0,-999.0,0.31,-999.0,-999.0,2017,6,22
Krishna,10,215.81,779.4,20.16,195.65,0.0,0.0,2017,7,1
Krishna,9,312.05,501.4,117.53,194.52,0.0,400.0,2017,7,2
Krishna,13,3.07,55.48,2.67,0.4,9508.0,7227.0,2017,7,4
Other,7,24.11,-999.0,4.27,19.84,774.0,100.0,2017,7,5
Pennar,26,17.74,612.96,0.94,16.8,0.0,12.0,2017,7,6
Other,23,4.96,362.8,1.77,3.19,50.0,0.0,2017,7,7
Other,18,3.86,67.55,1.17,2.69,-999.0,-999.0,2017,7,8
Other,24,2.51,341.77,2.0,0.51,670.0,430.0,2017,7,9
Other,21,0.61,123.36,0.49,0.12,1537.0,1009.0,2017,7,10
Pennar,20,78.0,269.57,7.4,70.6,0.0,0.0,2017,7,11
Other,20,68.03,201.67,5.95,62.08,0.0,320.0,2017,7,12
Pennar,10,16.95,826.84,2.31,14.64,0.0,81.0,2017,7,14
Pennar,26,10.0,927.66,0.34,9.66,0.0,40.0,2017,7,16
Pennar,26,9.98,609.12,0.0,9.98,-999.0,-999.0,2017,7,17
Pennar,26,6.0,-999.0,-999.0,6.0,-999.0,-999.0,2017,7,18
Pennar,10,2.97,844.69,0.56,2.41,-999.0,-999.0,2017,7,20
Pennar,26,1.6,-999.0,-999.0,1.6,-999.0,-999.0,2017,7,21
Pennar,3,0.31,-999.0,-999.0,0.31,-999.0,-999.0,2017,7,22
Krishna,10,215.81,857.28,98.04,117.77,0.0,5257.0,2017,8,1
Krishna,9,312.05,524.4,157.42,154.63,0.0,19045.0,2017,8,2
Krishna,13,3.07,54.95,2.52,0.55,869.0,1016.0,2017,8,4
Other,7,24.11,232.25,4.93,19.18,171.0,620.0,2017,8,5
Pennar,26,17.74,612.96,0.94,16.8,0.0,42.0,2017,8,6
Other,23,4.96,363.6,1.88,3.08,50.0,0.0,2017,8,7
Other,18,3.86,59.55,0.51,3.35,0.0,0.0,2017,8,8
Other,24,2.51,340.58,1.79,0.72,2100.0,2414.0,2017,8,9
Other,21,0.61,116.6,0.09,0.52,220.0,220.0,2017,8,10
Pennar,20,78.0,269.15,7.25,70.75,-999.0,-999.0,2017,8,11
Other,20,68.03,216.44,10.82,57.21,0.0,2750.0,2017,8,12
Pennar,10,16.95,847.01,7.66,9.29,0.0,938.0,2017,8,14
Pennar,26,10.0,-999.0,0.19,9.81,0.0,40.0,2017,8,16
Pennar,26,9.98,633.63,1.92,8.06,-999.0,-999.0,2017,8,17
Pennar,26,6.0,-999.0,-999.0,6.0,-999.0,-999.0,2017,8,18
Pennar,10,2.97,865.52,2.4,0.57,-999.0,-999.0,2017,8,20
Pennar,26,1.6,-999.0,-999.0,1.6,-999.0,-999.0,2017,8,21
Pennar,3,0.31,-999.0,-999.0,0.31,-999.0,-999.0,2017,8,22
Krishna,10,215.81,790.1,24.43,191.38,8000.0,0.0,2017,9,1
Krishna,9,312.05,500.0,115.31,196.74,0.0,800.0,2017,9,2
Krishna,13,3.07,56.0,2.83,0.24,11359.0,12466.0,2017,9,4
Other,7,24.11,240.68,6.83,17.28,620.0,620.0,2017,9,5
Pennar,26,17.74,612.96,0.94,16.8,0.0,42.0,2017,9,6
Other,23,4.96,363.58,1.88,3.08,50.0,0.0,2017,9,7
Other,18,3.86,67.55,1.17,2.69,0.0,0.0,2017,9,8
Other,24,2.51,341.31,1.92,0.59,1850.0,2530.0,2017,9,9
Other,21,0.61,123.88,0.54,0.07,11976.0,12837.0,2017,9,10
Pennar,20,78.0,277.69,11.69,66.31,3071.0,108.0,2017,9,11
Other,20,68.03,200.85,5.72,62.31,0.0,185.0,2017,9,12
Pennar,10,16.95,827.0,2.35,14.6,15.0,15.0,2017,9,14
Pennar,26,10.0,927.92,0.35,9.65,0.0,0.0,2017,9,16
Pennar,26,9.98,609.12,0.0,9.98,-999.0,-999.0,2017,9,17
Pennar,26,6.0,-999.0,-999.0,6.0,-999.0,-999.0,2017,9,18
Pennar,10,2.97,844.13,0.53,2.44,-999.0,-999.0,2017,9,20
Pennar,26,1.6,-999.0,-999.0,1.6,-999.0,-999.0,2017,9,21
Pennar,3,0.31,-999.0,-999.0,0.31,-999.0,-999.0,2017,9,22
Krishna,10,215.81,876.1,169.07,46.74,129614.0,14488.0,2017,10,1
Krishna,9,312.05,518.1,145.83,166.22,0.0,6846.0,2017,10,2
Krishna,13,3.07,56.25,2.88,0.19,14909.0,14746.0,2017,10,4
Other,7,24.11,-999.0,9.6,14.51,2860.0,0.0,2017,10,5
Pennar,26,17.74,612.96,0.94,16.8,0.0,30.0,2017,10,6
Other,23,4.96,364.8,2.05,2.91,-999.0,-999.0,2017,10,7
Other,18,3.86,67.55,1.17,2.69,0.0,0.0,2017,10,8
Other,24,2.51,342.16,2.07,0.44,1670.0,1670.0,2017,10,9
Other,21,0.61,125.0,0.61,0.0,6084.0,6084.0,2017,10,10
Pennar,20,78.0,-999.0,21.66,56.34,11910.0,70.0,2017,10,11
Other,20,68.03,-999.0,4.02,64.01,0.0,33.0,2017,10,12
Pennar,10,16.95,-999.0,12.26,4.69,9600.0,175.0,2017,10,14
Pennar,26,10.0,-999.0,0.0,10.0,0.0,0.0,2017,10,16
Pennar,26,9.98,609.12,0.0,9.98,-999.0,-999.0,2017,10,17
Pennar,26,6.0,-999.0,-999.0,6.0,-999.0,-999.0,2017,10,18
Pennar,10,2.97,854.36,1.19,1.78,-999.0,-999.0,2017,10,20
Pennar,26,1.6,-999.0,-999.0,1.6,-999.0,-999.0,2017,10,21
Pennar,3,0.31,-999.0,-999.0,0.31,-999.0,-999.0,2017,10,22
Krishna,10,215.81,881.99,198.9,16.91,0.0,51544.0,2017,11,1
Krishna,9,312.05,576.9,274.09,37.96,37919.0,7271.0,2017,11,2
Krishna,13,3.07,55.94,2.81,0.26,11348.0,12192.0,2017,11,4
Other,7,24.11,264.01,13.99,10.12,530.0,138.0,2017,11,5
Pennar,26,17.74,612.96,0.94,16.8,730.0,40.0,2017,11,6
Other,23,4.96,372.6,3.15,1.81,300.0,600.0,2017,11,7
Other,18,3.86,70.73,1.43,2.43,1457.0,40.0,2017,11,8
Other,24,2.51,341.77,2.0,0.51,-999.0,-999.0,2017,11,9
Other,21,0.61,124.77,0.61,0.0,4211.0,4211.0,2017,11,10
Pennar,20,78.0,316.17,50.33,27.67,0.0,7647.0,2017,11,11
Other,20,68.03,224.93,14.82,53.21,10360.0,45.0,2017,11,12
Pennar,10,16.95,865.94,14.19,2.76,6810.0,6830.0,2017,11,14
Pennar,26,10.0,927.59,0.33,9.67,0.0,40.0,2017,11,16
Pennar,26,9.98,616.99,0.41,9.57,-999.0,-999.0,2017,11,17
Pennar,26,6.0,-999.0,-999.0,6.0,-999.0,-999.0,2017,11,18
Pennar,10,2.97,866.86,2.59,0.38,-999.0,-999.0,2017,11,20
Pennar,26,1.6,-999.0,-999.0,1.6,-999.0,-999.0,2017,11,21
Pennar,3,0.31,-999.0,-999.0,0.31,-999.0,-999.0,2017,11,22
Krishna,10,215.81,875.26,164.83,50.98,0.0,15963.0,2017,12,1
Krishna,9,312.05,563.5,240.6,71.45,0.0,41462.0,2017,12,2
Krishna,13,3.07,56.23,2.88,0.19,2566.0,4508.0,2017,12,4
Other,7,24.11,265.42,14.46,9.65,125.0,125.0,2017,12,5
Pennar,26,17.74,612.96,0.94,16.8,1190.0,165.0,2017,12,6
Other,23,4.96,365.12,2.1,2.86,-999.0,-999.0,2017,12,7
Other,18,3.86,69.36,1.35,2.51,-999.0,-999.0,2017,12,8
Other,24,2.51,342.81,2.19,0.32,-999.0,-999.0,2017,12,9
Other,21,0.61,124.11,0.56,0.05,1404.0,1404.0,2017,12,10
Pennar,20,78.0,313.2,45.81,32.19,-999.0,-999.0,2017,12,11
Other,20,68.03,236.45,21.93,46.1,450.0,643.0,2017,12,12
Pennar,10,16.95,867.49,16.45,0.5,3095.0,3095.0,2017,12,14
Pennar,26,10.0,928.15,0.36,9.64,1175.0,40.0,2017,12,16
Pennar,26,9.98,619.32,0.54,9.44,-999.0,-999.0,2017,12,17
Pennar,26,6.0,-999.0,-999.0,6.0,-999.0,-999.0,2017,12,18
Pennar,10,2.97,853.81,1.15,1.82,-999.0,-999.0,2017,12,20
Pennar,26,1.6,-999.0,-999.0,1.6,-999.0,-999.0,2017,12,21
Pennar,3,0.31,-999.0,-999.0,0.31,-999.0,-999.0,2017,12,22
Krishna,10,215.81,871.82,149.49,66.32,0.0,5963.0,2018,1,1
Krishna,9,312.05,541.3,191.05,121.0,0.0,18787.0,2018,1,2
Krishna,13,3.07,56.33,2.9,0.17,2270.0,1734.0,2018,1,4
Other,7,24.11,261.52,13.12,10.99,0.0,0.0,2018,1,5
Pennar,26,17.74,612.96,0.94,16.8,650.0,502.0,2018,1,6
Other,23,4.96,363.85,1.92,3.04,-999.0,-999.0,2018,1,7
Other,18,3.86,70.31,1.39,2.47,-999.0,-999.0,2018,1,8
Other,24,2.51,342.59,2.15,0.36,-999.0,-999.0,2018,1,9
Other,21,0.61,123.36,0.49,0.12,0.0,0.0,2018,1,10
Pennar,20,78.0,307.84,38.63,39.37,0.0,0.0,2018,1,11
Other,20,68.03,230.15,17.81,50.22,0.0,0.0,2018,1,12
Pennar,10,16.95,856.04,11.24,5.71,0.0,0.0,2018,1,14
Pennar,26,10.0,928.08,0.36,9.64,1265.0,40.0,2018,1,16
Pennar,26,9.98,635.53,2.17,7.81,-999.0,-999.0,2018,1,17
Pennar,26,6.0,-999.0,-999.0,6.0,-999.0,-999.0,2018,1,18
Pennar,10,2.97,854.86,1.23,1.74,-999.0,-999.0,2018,1,20
Pennar,26,1.6,-999.0,-999.0,1.6,-999.0,-999.0,2018,1,21
Pennar,3,0.31,-999.0,-999.0,0.31,-999.0,-999.0,2018,1,22
Krishna,10,215.81,865.39,123.86,91.95,0.0,3963.0,2018,2,1
Krishna,9,312.05,527.9,164.08,147.97,14126.0,20236.0,2018,2,2
Krishna,13,3.07,56.14,2.86,0.21,1784.0,1775.0,2018,2,4
Other,7,24.11,255.25,11.03,13.08,78.82,909.95,2018,2,5
Pennar,26,17.74,654.72,5.67,12.07,0.0,-999.0,2018,2,6
Other,23,4.96,354.46,0.83,4.13,-999.0,-999.0,2018,2,7
Other,18,3.86,71.56,1.53,2.33,-999.0,-999.0,2018,2,8
Other,24,2.51,341.99,2.04,0.47,-999.0,-999.0,2018,2,9
Other,21,0.61,118.24,0.13,0.48,397.0,397.0,2018,2,10
Pennar,20,78.0,299.35,28.78,49.22,715.0,7648.0,2018,2,11
Other,20,68.03,223.95,14.3,53.73,3170.0,2958.0,2018,2,12
Pennar,10,16.95,849.97,8.69,8.26,0.0,1296.0,2018,2,14
Pennar,26,10.0,965.22,6.15,3.85,0.0,40.0,2018,2,16
Pennar,26,9.98,634.25,2.0,7.98,-999.0,-999.0,2018,2,17
Pennar,26,6.0,-999.0,-999.0,6.0,-999.0,-999.0,2018,2,18
Pennar,10,2.97,866.11,2.48,0.49,-999.0,-999.0,2018,2,20
Pennar,26,1.6,-999.0,-999.0,1.6,-999.0,-999.0,2018,2,21
Pennar,3,0.31,-999.0,-999.0,0.31,-999.0,-999.0,2018,2,22
Krishna,10,215.81,847.21,74.19,141.62,0.0,2644.0,2018,3,1
Krishna,9,312.05,523.0,154.8,157.25,0.0,7935.0,2018,3,2
Krishna,13,3.07,54.43,2.37,0.7,3464.0,1628.0,2018,3,4
Other,7,24.11,248.46,8.97,15.14,71.64,1119.32,2018,3,5
Pennar,26,17.74,649.77,4.82,12.92,0.0,-999.0,2018,3,6
Other,23,4.96,363.58,1.88,3.08,-999.0,-999.0,2018,3,7
Other,18,3.86,73.26,2.06,1.8,-999.0,-999.0,2018,3,8
Other,24,2.51,340.26,1.74,0.77,-999.0,-999.0,2018,3,9
Other,21,0.61,115.39,0.05,0.56,120.0,120.0,2018,3,10
Pennar,20,78.0,288.16,18.78,59.22,0.0,3009.0,2018,3,11
Other,20,68.03,209.84,8.38,59.65,0.0,1810.0,2018,3,12
Pennar,10,16.95,844.46,6.84,10.11,0.0,1428.0,2018,3,14
Pennar,26,10.0,964.4,5.91,4.09,0.0,40.0,2018,3,16
Pennar,26,9.98,632.87,1.83,8.15,-999.0,-999.0,2018,3,17
Pennar,26,6.0,-999.0,-999.0,6.0,-999.0,-999.0,2018,3,18
Pennar,10,2.97,865.12,2.35,0.62,-999.0,-999.0,2018,3,20
Pennar,26,1.6,-999.0,-999.0,1.6,-999.0,-999.0,2018,3,21
Pennar,3,0.31,-999.0,-999.0,0.31,-999.0,-999.0,2018,3,22
Krishna,10,215.81,806.17,32.14,183.67,0.0,0.0,2018,4,1
Krishna,9,312.05,517.2,144.22,167.83,0.0,16875.0,2018,4,2
Krishna,13,3.07,55.61,2.71,0.36,6139.0,4999.0,2018,4,4
Other,7,24.11,238.94,6.39,17.73,35.42,1158.0,2018,4,5
Pennar,26,17.74,645.9,4.25,13.49,0.0,-999.0,2018,4,6
Other,23,4.96,363.32,1.84,3.12,-999.0,-999.0,2018,4,7
Other,18,3.86,71.88,1.58,2.28,-999.0,-999.0,2018,4,8
Other,24,2.51,336.81,1.23,1.28,-999.0,-999.0,2018,4,9
Other,21,0.61,114.99,0.04,0.57,200.0,0.0,2018,4,10
Pennar,20,78.0,281.33,13.94,64.06,0.0,914.0,2018,4,11
Other,20,68.03,204.59,6.77,61.26,0.0,100.0,2018,4,12
Pennar,10,16.95,838.81,5.19,11.76,0.0,117.0,2018,4,14
Pennar,26,10.0,963.39,5.64,4.36,0.0,34.0,2018,4,16
Pennar,26,9.98,631.07,1.62,8.36,-999.0,-999.0,2018,4,17
Pennar,26,6.0,-999.0,-999.0,6.0,-999.0,-999.0,2018,4,18
Pennar,10,2.97,863.48,2.14,0.83,-999.0,-999.0,2018,4,20
Pennar,26,1.6,-999.0,-999.0,1.6,-999.0,-999.0,2018,4,21
Pennar,3,0.31,-999.0,-999.0,0.31,-999.0,-999.0,2018,4,22
Krishna,10,215.81,801.18,29.56,186.25,0.0,0.0,2018,5,1
Krishna,9,312.05,512.6,136.13,175.92,0.0,460.0,2018,5,2
Krishna,13,3.07,55.68,2.73,0.34,48.0,0.0,2018,5,4
Other,7,24.11,233.33,5.14,18.97,-999.0,-999.0,2018,5,5
Pennar,26,17.74,612.96,0.94,16.8,0.0,42.0,2018,5,6
Other,23,4.96,363.42,1.86,3.1,-999.0,-999.0,2018,5,7
Other,18,3.86,69.91,1.36,2.5,-999.0,-999.0,2018,5,8
Other,24,2.51,338.39,1.45,1.06,-999.0,-999.0,2018,5,9
Other,21,0.61,110.27,0.0,0.61,166.0,166.0,2018,5,10
Pennar,20,78.0,279.2,12.59,65.41,0.0,764.0,2018,5,11
Other,20,68.03,203.64,6.51,61.52,-999.0,-999.0,2018,5,12
Pennar,10,16.95,834.06,3.87,13.08,-999.0,-999.0,2018,5,14
Pennar,26,10.0,926.77,0.29,9.71,-999.0,-999.0,2018,5,16
Pennar,26,9.98,621.75,0.72,9.26,-999.0,-999.0,2018,5,17
Pennar,26,6.0,-999.0,-999.0,6.0,-999.0,-999.0,2018,5,18
Pennar,10,2.97,862.07,1.97,1.0,-999.0,-999.0,2018,5,20
Pennar,26,1.6,-999.0,-999.0,1.6,-999.0,-999.0,2018,5,21
Pennar,3,0.31,-999.0,-999.0,0.31,-999.0,-999.0,2018,5,22
Krishna,10,215.81,801.18,29.56,186.25,0.0,0.0,2018,6,1
Krishna,9,312.05,512.6,136.13,175.92,0.0,460.0,2018,6,2
Krishna,13,3.07,55.68,2.73,0.34,48.0,0.0,2018,6,4
Other,7,24.11,233.33,5.14,18.97,-999.0,-999.0,2018,6,5
Pennar,26,17.74,612.96,0.94,16.8,0.0,42.0,2018,6,6
Other,23,4.96,363.42,1.86,3.1,-999.0,-999.0,2018,6,7
Other,18,3.86,69.91,1.36,2.5,-999.0,-999.0,2018,6,8
Other,24,2.51,338.39,1.45,1.06,-999.0,-999.0,2018,6,9
Other,21,0.61,110.27,0.0,0.61,166.0,166.0,2018,6,10
Pennar,20,78.0,279.2,12.59,65.41,0.0,764.0,2018,6,11
Other,20,68.03,203.64,6.51,61.52,-999.0,-999.0,2018,6,12
Pennar,10,16.95,834.06,3.87,13.08,-999.0,-999.0,2018,6,14
Pennar,26,10.0,926.77,0.29,9.71,-999.0,-999.0,2018,6,16
Pennar,26,9.98,621.75,0.72,9.26,-999.0,-999.0,2018,6,17
Pennar,26,6.0,-999.0,-999.0,6.0,-999.0,-999.0,2018,6,18
Pennar,10,2.97,862.07,1.97,1.0,-999.0,-999.0,2018,6,20
Pennar,26,1.6,-999.0,-999.0,1.6,-999.0,-999.0,2018,6,21
Pennar,3,0.31,-999.0,-999.0,0.31,-999.0,-999.0,2018,6,22
Krishna,10,215.81,800.1,29.06,186.76,0.0,0.0,2018,7,1
Krishna,9,312.05,511.19,133.72,178.33,0.0,460.0,2018,7,2
Krishna,13,3.07,56.14,2.86,0.21,3666.0,3460.0,2018,7,4
Other,7,24.11,231.63,4.79,19.32,-999.0,-999.0,2018,7,5
Pennar,26,17.74,612.96,0.94,16.8,0.0,23.0,2018,7,6
Other,23,4.96,365.55,2.15,2.81,-999.0,-999.0,2018,7,7
Other,18,3.86,67.52,1.16,2.7,-999.0,-999.0,2018,7,8
Other,24,2.51,341.77,2.0,0.51,-999.0,-999.0,2018,7,9
Other,21,0.61,122.15,0.37,0.24,108.0,0.0,2018,7,10
Pennar,20,78.0,276.8,11.17,66.83,-999.0,-999.0,2018,7,11
Other,20,68.03,263.55,47.26,20.77,-999.0,-999.0,2018,7,12
Pennar,10,16.95,831.59,3.35,13.6,-999.0,-999.0,2018,7,14
Pennar,26,10.0,948.95,2.52,7.48,-999.0,-999.0,2018,7,16
Pennar,26,9.98,618.5,0.49,9.49,-999.0,-999.0,2018,7,17
Pennar,26,6.0,-999.0,-999.0,6.0,-999.0,-999.0,2018,7,18
Pennar,10,2.97,860.37,1.78,1.19,-999.0,-999.0,2018,7,20
Pennar,26,1.6,-999.0,-999.0,1.6,-999.0,-999.0,2018,7,21
Pennar,3,0.31,-999.0,-999.0,0.31,-999.0,-999.0,2018,7,22
Krishna,10,215.81,873.39,156.38,59.43,0.0,19504.0,2018,8,1
Krishna,9,312.05,513.62,137.86,174.19,9376.0,1360.0,2018,8,2
Krishna,13,3.07,54.69,2.45,0.62,12198.0,7772.0,2018,8,4
Other,7,24.11,255.58,11.13,12.98,-999.0,-999.0,2018,8,5
Pennar,26,17.74,612.96,0.94,16.8,-999.0,-999.0,2018,8,6
Other,23,4.96,369.75,2.72,2.24,70.0,0.0,2018,8,7
Other,18,3.86,67.52,1.16,2.7,-999.0,-999.0,2018,8,8
Other,24,2.51,342.22,2.08,0.43,-999.0,-999.0,2018,8,9
Other,21,0.61,124.7,0.61,0.0,5928.0,5928.0,2018,8,10
Pennar,20,78.0,275.66,10.49,67.51,-999.0,-999.0,2018,8,11
Other,20,68.03,199.48,5.37,62.66,-999.0,-999.0,2018,8,12
Pennar,10,16.95,852.82,9.94,7.01,-999.0,-999.0,2018,8,14
Pennar,26,10.0,946.13,2.09,7.91,-999.0,-999.0,2018,8,16
Pennar,26,9.98,617.09,0.41,9.57,-999.0,-999.0,2018,8,17
Pennar,26,6.0,-999.0,-999.0,6.0,-999.0,-999.0,2018,8,18
Pennar,10,2.97,861.42,1.9,1.07,-999.0,-999.0,2018,8,20
Pennar,26,1.6,-999.0,-999.0,1.6,-999.0,-999.0,2018,8,21
Pennar,3,0.31,-999.0,-999.0,0.31,-999.0,-999.0,2018,8,22
Krishna,10,215.81,883.2,205.34,10.47,139102.0,152040.0,2018,9,1
Krishna,9,312.05,585.99,300.32,11.73,154856.0,47928.0,2018,9,2
Krishna,13,3.07,56.0,2.83,0.24,13388.0,14388.0,2018,9,4
Other,7,24.11,270.51,16.54,7.57,2162.0,270.0,2018,9,5
Pennar,26,17.74,710.31,3.57,14.17,0.0,-999.0,2018,9,6
Other,23,4.96,363.71,1.9,3.06,180.0,650.0,2018,9,7
Other,18,3.86,62.34,0.66,3.2,-999.0,-999.0,2018,9,8
Other,24,2.51,341.8,2.0,0.51,-999.0,-999.0,2018,9,9
Other,21,0.61,124.57,0.6,0.01,9303.0,9303.0,2018,9,10
Pennar,20,78.0,293.26,23.01,54.99,14374.0,231.0,2018,9,11
Other,20,68.03,199.48,5.36,62.67,0.0,160.0,2018,9,12
Pennar,10,16.95,865.29,14.17,2.78,12380.0,11225.0,2018,9,14
Pennar,26,10.0,942.85,1.65,8.35,0.0,190.0,2018,9,16
Pennar,26,9.98,615.22,0.31,9.67,-999.0,-999.0,2018,9,17
Pennar,26,6.0,-999.0,-999.0,6.0,-999.0,-999.0,2018,9,18
Pennar,10,2.97,868.01,2.76,0.21,-999.0,-999.0,2018,9,20
Pennar,26,1.6,-999.0,-999.0,1.6,-999.0,-999.0,2018,9,21
Pennar,3,0.31,-999.0,-999.0,0.31,-999.0,-999.0,2018,9,22
Krishna,10,215.81,867.72,132.38,83.43,5190.0,16263.0,2018,10,1
Krishna,9,312.05,582.51,290.23,21.82,9331.0,21862.0,2018,10,2
Krishna,13,3.07,55.51,2.68,0.39,9489.0,10401.0,2018,10,4
Other,7,24.11,278.81,20.94,3.17,946.0,275.0,2018,10,5
Pennar,26,17.74,640.52,0.0,17.74,785.0,34.0,2018,10,6
Other,23,4.96,359.12,1.28,3.68,170.0,320.0,2018,10,7
Other,18,3.86,70.6,1.42,2.44,0.0,0.0,2018,10,8
Other,24,2.51,341.11,1.88,0.63,3904.0,4099.0,2018,10,9
Other,21,0.61,124.87,0.61,0.0,6874.0,6874.0,2018,10,10
Pennar,20,78.0,310.29,41.73,36.27,4763.0,6221.0,2018,10,11
Other,20,68.03,223.69,14.15,53.88,5840.0,1273.0,2018,10,12
Pennar,10,16.95,865.45,14.17,2.78,1663.0,4020.0,2018,10,14
Pennar,26,10.0,938.09,1.11,8.89,0.0,120.0,2018,10,16
Pennar,26,9.98,612.99,0.23,9.75,0.0,65.0,2018,10,17
Pennar,26,6.0,856.3,1.51,4.49,-999.0,-999.0,2018,10,18
Pennar,10,2.97,867.68,2.71,0.26,0.0,10.0,2018,10,20
Pennar,26,1.6,-999.0,-999.0,1.6,-999.0,-999.0,2018,10,21
Pennar,3,0.31,-999.0,-999.0,0.31,-999.0,-999.0,2018,10,22
Krishna,10,215.81,855.41,92.81,123.0,1019.0,18762.0,2018,11,1
Krishna,9,312.05,569.19,254.57,57.48,0.0,12316.0,2018,11,2
Krishna,13,3.07,56.5,2.94,0.13,7518.0,4282.0,2018,11,4
Other,7,24.11,280.91,22.19,1.92,390.0,390.0,2018,11,5
Pennar,26,17.74,644.42,4.03,13.71,45.0,420.0,2018,11,6
Other,23,4.96,351.15,0.58,4.38,90.0,370.0,2018,11,7
Other,18,3.86,69.19,1.35,2.51,0.0,0.0,2018,11,8
Other,24,2.51,339.47,1.61,0.9,1700.0,1640.0,2018,11,9
Other,21,0.61,124.87,0.61,0.0,3310.0,3310.0,2018,11,10
Pennar,20,78.0,310.49,42.02,35.98,0.0,324.0,2018,11,11
Other,20,68.03,222.11,13.37,54.66,0.0,120.0,2018,11,12
Pennar,10,16.95,849.15,8.53,8.42,0.0,1570.0,2018,11,14
Pennar,26,10.0,946.85,2.2,7.8,415.0,130.0,2018,11,16
Pennar,26,9.98,616.63,0.38,9.6,0.0,2157.0,2018,11,17
Pennar,26,6.0,-999.0,-999.0,6.0,-999.0,-999.0,2018,11,18
Pennar,10,2.97,824.34,0.04,2.93,0.0,100.0,2018,11,20
Pennar,26,1.6,-999.0,-999.0,1.6,-999.0,-999.0,2018,11,21
Pennar,3,0.31,-999.0,-999.0,0.31,-999.0,-999.0,2018,11,22
Krishna,10,215.81,850.52,81.03,134.78,1107.0,9774.0,2018,12,1
Krishna,9,312.05,552.0,214.21,97.85,0.0,16568.0,2018,12,2
Krishna,13,3.07,56.14,2.86,0.21,6073.0,4315.0,2018,12,4
Other,7,24.11,283.4,23.73,0.38,260.0,260.0,2018,12,5
Pennar,26,17.74,633.37,2.62,15.12,0.0,4.0,2018,12,6
Other,23,4.96,346.19,0.31,4.65,59.0,340.0,2018,12,7
Other,18,3.86,73.29,2.06,1.8,0.0,0.0,2018,12,8
Other,24,2.51,341.93,2.03,0.48,1264.0,570.0,2018,12,9
Other,21,0.61,124.93,0.61,0.0,722.0,722.0,2018,12,10
Pennar,20,78.0,306.2,36.56,41.44,0.0,3565.0,2018,12,11
Other,20,68.03,222.05,13.34,54.69,0.0,486.0,2018,12,12
Pennar,10,16.95,842.65,6.34,10.61,0.0,233.0,2018,12,14
Pennar,26,10.0,948.43,2.43,7.57,0.0,40.0,2018,12,16
Pennar,26,9.98,609.09,0.14,9.84,0.0,379.0,2018,12,17
Pennar,26,6.0,-999.0,-999.0,6.0,-999.0,-999.0,2018,12,18
Pennar,10,2.97,867.59,2.69,0.28,0.0,10.0,2018,12,20
Pennar,26,1.6,-999.0,-999.0,1.6,-999.0,-999.0,2018,12,21
Pennar,3,0.31,-999.0,-999.0,0.31,-999.0,-999.0,2018,12,22
Krishna,10,215.81,839.21,60.7,155.11,265.0,34397.0,2019,1,1
Krishna,9,312.05,545.31,199.55,112.51,4092.0,19036.0,2019,1,2
Krishna,13,3.07,56.76,3.0,0.07,2186.0,788.0,2019,1,4
Other,7,24.11,280.81,22.13,1.98,19.0,935.0,2019,1,5
Pennar,26,17.74,633.37,2.62,15.12,0.0,4.0,2019,1,6
Other,23,4.96,347.83,0.39,4.57,37.0,0.0,2019,1,7
Other,18,3.86,71.88,1.58,2.28,0.0,340.0,2019,1,8
Other,24,2.51,341.86,2.01,0.5,586.0,864.0,2019,1,9
Other,21,0.61,125.0,0.61,0.0,1346.0,1346.0,2019,1,10
Pennar,20,78.0,330.0,27.73,50.27,0.0,2783.0,2019,1,11
Other,20,68.03,220.73,12.71,55.32,0.0,305.0,2019,1,12
Pennar,10,16.95,836.84,4.52,12.43,0.0,47.0,2019,1,14
Pennar,26,10.0,948.1,2.38,7.62,0.0,40.0,2019,1,16
Pennar,26,9.98,609.12,0.14,9.84,0.0,159.0,2019,1,17
Pennar,26,6.0,-999.0,-999.0,6.0,-999.0,-999.0,2019,1,18
Pennar,10,2.97,867.59,2.69,0.28,100.0,10.0,2019,1,20
Pennar,26,1.6,-999.0,-999.0,1.6,-999.0,-999.0,2019,1,21
Pennar,3,0.31,-999.0,-999.0,0.31,-999.0,-999.0,2019,1,22
Krishna,10,215.81,834.48,54.41,161.4,40.0,960.0,2019,2,1
Krishna,9,312.05,535.01,178.07,133.98,0.0,15989.0,2019,2,2
Krishna,13,3.07,56.04,2.84,0.23,642.0,539.0,2019,2,4
Other,7,24.11,276.41,19.58,4.53,3.0,1075.0,2019,2,5
Pennar,26,17.74,633.37,2.62,15.12,0.0,4.0,2019,2,6
Other,23,4.96,348.39,0.42,4.54,-999.0,-999.0,2019,2,7
Other,18,3.86,79.99,1.49,2.37,0.0,0.0,2019,2,8
Other,24,2.51,342.95,2.22,0.29,380.0,731.0,2019,2,9
Other,21,0.61,125.0,0.61,0.0,320.0,320.0,2019,2,10
Pennar,20,78.0,289.41,19.73,58.27,0.0,2355.0,2019,2,11
Other,20,68.03,218.86,11.86,56.17,0.0,1015.0,2019,2,12
Pennar,10,16.95,837.24,4.67,12.28,0.0,140.0,2019,2,14
Pennar,26,10.0,947.34,2.27,7.73,0.0,40.0,2019,2,16
Pennar,26,9.98,658.46,7.38,2.6,-999.0,-999.0,2019,2,17
Pennar,26,6.0,-999.0,-999.0,6.0,-999.0,-999.0,2019,2,18
Pennar,10,2.97,865.26,2.4,0.57,0.0,10.0,2019,2,20
Pennar,26,1.6,-999.0,-999.0,1.6,-999.0,-999.0,2019,2,21
Pennar,3,0.31,-999.0,-999.0,0.31,-999.0,-999.0,2019,2,22
Krishna,10,215.81,829.13,48.56,167.25,0.0,3360.0,2019,3,1
Krishna,9,312.05,527.3,162.92,149.13,0.0,3829.0,2019,3,2
Krishna,13,3.07,54.86,2.49,0.58,2018.0,2063.0,2019,3,4
Other,7,24.11,270.41,16.49,7.62,38.0,1075.0,2019,3,5
Pennar,26,17.74,633.37,2.62,15.12,0.0,172.0,2019,3,6
Other,23,4.96,348.36,0.42,4.54,-999.0,-999.0,2019,3,7
Other,18,3.86,-999.0,-999.0,3.86,-999.0,-999.0,2019,3,8
Other,24,2.51,342.03,2.04,0.47,306.0,515.0,2019,3,9
Other,21,0.61,120.57,0.26,0.35,114.0,126.0,2019,3,10
Pennar,20,78.0,277.58,11.63,66.37,0.0,3715.0,2019,3,11
Other,20,68.03,206.63,7.34,60.69,0.0,1100.0,2019,3,12
Pennar,10,16.95,833.17,3.79,13.16,0.0,267.0,2019,3,14
Pennar,26,10.0,945.54,2.01,7.99,0.0,113.0,2019,3,16
Pennar,26,9.98,608.86,0.14,9.84,-999.0,-999.0,2019,3,17
Pennar,26,6.0,-999.0,-999.0,6.0,-999.0,-999.0,2019,3,18
Pennar,10,2.97,863.39,2.13,0.84,0.0,300.0,2019,3,20
Pennar,26,1.6,-999.0,-999.0,1.6,-999.0,-999.0,2019,3,21
Pennar,3,0.31,-999.0,-999.0,0.31,-999.0,-999.0,2019,3,22
Krishna,10,215.81,823.69,43.68,172.13,0.0,3380.0,2019,4,1
Krishna,9,312.05,514.99,140.32,171.74,2873.0,4918.0,2019,4,2
Krishna,13,3.07,54.2,2.32,0.75,115.0,1470.0,2019,4,4
Other,7,24.11,262.27,13.39,10.72,28.0,1044.0,2019,4,5
Pennar,26,17.74,633.37,2.62,15.12,0.0,23.0,2019,4,6
Other,23,4.96,348.03,0.4,4.56,-999.0,-999.0,2019,4,7
Other,18,3.86,67.39,1.11,2.75,0.0,0.0,2019,4,8
Other,24,2.51,342.29,2.09,0.42,309.0,170.0,2019,4,9
Other,21,0.61,117.95,0.12,0.49,168.0,234.0,2019,4,10
Pennar,20,78.0,265.76,6.05,71.95,0.0,394.0,2019,4,11
Other,20,68.03,203.74,6.53,61.5,0.0,76.0,2019,4,12
Pennar,10,16.95,828.15,2.63,14.32,0.0,487.0,2019,4,14
Pennar,26,10.0,941.6,1.49,8.51,0.0,178.0,2019,4,16
Pennar,26,9.98,608.76,0.14,9.84,-999.0,-999.0,2019,4,17
Pennar,26,6.0,-999.0,-999.0,6.0,-999.0,-999.0,2019,4,18
Pennar,10,2.97,855.77,1.31,1.66,0.0,300.0,2019,4,20
Pennar,26,1.6,-999.0,-999.0,1.6,-999.0,-999.0,2019,4,21
Pennar,3,0.31,-999.0,-999.0,0.31,-999.0,-999.0,2019,4,22
Krishna,10,215.81,808.14,33.19,182.62,73.0,73.0,2019,5,1
Krishna,9,312.05,511.29,133.89,178.16,1131.0,1131.0,2019,5,2
Krishna,13,3.07,50.49,1.56,1.51,181.0,0.0,2019,5,4
Other,7,24.11,259.71,12.48,11.63,11.0,269.0,2019,5,5
Pennar,26,17.74,633.37,2.62,15.12,0.0,23.0,2019,5,6
Other,23,4.96,347.83,0.39,4.57,0.0,0.0,2019,5,7
Other,18,3.86,67.36,1.1,2.76,0.0,0.0,2019,5,8
Other,24,2.51,342.36,2.11,0.4,208.0,347.0,2019,5,9
Other,21,0.61,109.68,0.0,0.61,159.0,159.0,2019,5,10
Pennar,20,78.0,259.65,4.04,73.96,0.0,498.0,2019,5,11
Other,20,68.03,198.52,5.14,62.89,0.0,102.0,2019,5,12
Pennar,10,16.95,825.03,2.08,14.87,0.0,126.0,2019,5,14
Pennar,26,10.0,937.66,1.07,8.93,0.0,205.0,2019,5,16
Pennar,26,9.98,-999.0,-999.0,9.98,-999.0,-999.0,2019,5,17
Pennar,26,6.0,-999.0,-999.0,6.0,-999.0,-999.0,2019,5,18
Pennar,10,2.97,829.59,0.1,2.87,0.0,0.0,2019,5,20
Pennar,26,1.6,-999.0,-999.0,1.6,-999.0,-999.0,2019,5,21
Pennar,3,0.31,-999.0,-999.0,0.31,-999.0,-999.0,2019,5,22
Krishna,10,215.81,806.4,32.26,183.55,0.0,0.0,2019,6,1
Krishna,9,312.05,508.89,129.81,182.24,137.0,2080.0,2019,6,2
Krishna,13,3.07,55.28,2.61,0.46,124.0,900.0,2019,6,4
Other,7,24.11,256.17,11.32,12.79,35.0,655.0,2019,6,5
Pennar,26,17.74,633.37,2.62,15.12,0.0,42.0,2019,6,6
Other,23,4.96,347.6,0.38,4.58,0.0,0.0,2019,6,7
Other,18,3.86,67.36,1.1,2.76,-999.0,-999.0,2019,6,8
Other,24,2.51,343.01,2.23,0.28,679.0,980.0,2019,6,9
Other,21,0.61,116.7,0.09,0.52,50.0,0.0,2019,6,10
Pennar,20,78.0,258.11,3.64,74.36,0.0,150.0,2019,6,11
Other,20,68.03,201.31,5.85,62.18,0.0,495.0,2019,6,12
Pennar,10,16.95,820.37,1.32,15.63,0.0,58.0,2019,6,14
Pennar,26,10.0,935.14,0.84,9.16,0.0,0.0,2019,6,16
Pennar,26,9.98,608.76,0.14,9.84,-999.0,-999.0,2019,6,17
Pennar,26,6.0,-999.0,-999.0,6.0,-999.0,-999.0,2019,6,18
Pennar,10,2.97,822.47,0.03,2.94,0.0,0.0,2019,6,20
Pennar,26,1.6,-999.0,-999.0,1.6,-999.0,-999.0,2019,6,21
Pennar,3,0.31,-999.0,-999.0,0.31,-999.0,-999.0,2019,6,22
Krishna,10,215.81,805.64,31.83,183.98,27.0,27.0,2019,7,1
Krishna,9,312.05,507.51,127.47,184.59,0.0,704.0,2019,7,2
Krishna,13,3.07,51.64,1.79,1.28,89.0,0.0,2019,7,4
Other,7,24.11,253.12,10.36,13.75,5.0,700.0,2019,7,5
Pennar,26,17.74,633.37,2.62,15.12,0.0,42.0,2019,7,6
Other,23,4.96,347.93,0.4,4.56,0.0,0.0,2019,7,7
Other,18,3.86,-999.0,-999.0,3.86,-999.0,-999.0,2019,7,8
Other,24,2.51,342.16,2.07,0.44,880.0,880.0,2019,7,9
Other,21,0.61,112.2,0.01,0.6,280.0,0.0,2019,7,10
Pennar,20,78.0,254.36,2.72,75.28,0.0,208.0,2019,7,11
Other,20,68.03,201.8,5.99,62.04,0.0,261.0,2019,7,12
Pennar,10,16.95,818.96,1.15,15.8,0.0,91.0,2019,7,14
Pennar,26,10.0,933.79,0.73,9.27,0.0,0.0,2019,7,16
Pennar,26,9.98,609.32,0.14,9.84,-999.0,-999.0,2019,7,17
Pennar,26,6.0,-999.0,-999.0,6.0,-999.0,-999.0,2019,7,18
Pennar,10,2.97,840.19,0.36,2.61,0.0,200.0,2019,7,20
Pennar,26,1.6,-999.0,-999.0,1.6,-999.0,-999.0,2019,7,21
Pennar,3,0.31,-999.0,-999.0,0.31,-999.0,-999.0,2019,7,22
Krishna,10,215.81,832.09,51.67,164.14,175656.0,2400.0,2019,8,1
Krishna,9,312.05,506.79,126.3,185.75,897.0,897.0,2019,8,2
Krishna,13,3.07,56.79,3.01,0.06,5006.0,5385.0,2019,8,4
Other,7,24.11,252.53,10.17,13.94,3390.0,315.0,2019,8,5
Pennar,26,17.74,633.37,2.62,15.12,0.0,24.0,2019,8,6
Other,23,4.96,350.36,0.53,4.43,0.0,0.0,2019,8,7
Other,18,3.86,-999.0,-999.0,3.86,-999.0,-999.0,2019,8,8
Other,24,2.51,339.9,1.68,0.83,1669.0,1669.0,2019,8,9
Other,21,0.61,124.77,0.61,0.0,1979.0,1979.0,2019,8,10
Pennar,20,78.0,251.91,2.28,75.72,0.0,93.0,2019,8,11
Other,20,68.03,198.36,5.1,62.93,0.0,35.0,2019,8,12
Pennar,10,16.95,-999.0,0.81,16.14,0.0,47.0,2019,8,14
Pennar,26,10.0,934.58,0.79,9.21,0.0,40.0,2019,8,16
Pennar,26,9.98,622.39,0.77,9.21,0.0,38.0,2019,8,17
Pennar,26,6.0,-999.0,-999.0,6.0,-999.0,-999.0,2019,8,18
Pennar,10,2.97,820.24,0.02,2.95,0.0,0.0,2019,8,20
Pennar,26,1.6,-999.0,-999.0,1.6,-999.0,-999.0,2019,8,21
Pennar,3,0.31,-999.0,-999.0,0.31,-999.0,-999.0,2019,8,22
Krishna,10,215.81,878.71,181.35,34.46,2270.0,29110.0,2019,9,1
Krishna,9,312.05,586.9,304.99,7.06,0.0,17119.0,2019,9,2
Krishna,13,3.07,57.05,3.07,0.0,15336.0,17176.0,2019,9,4
Other,7,24.11,270.6,16.58,7.53,173.0,685.0,2019,9,5
Pennar,26,17.74,633.46,2.63,15.11,0.0,42.0,2019,9,6
Other,23,4.96,359.12,1.28,3.68,80.0,0.0,2019,9,7
Other,18,3.86,-999.0,-999.0,3.86,-999.0,-999.0,2019,9,8
Other,24,2.51,340.98,1.86,0.65,6820.0,7445.0,2019,9,9
Other,21,0.61,124.28,0.57,0.04,15194.0,15194.0,2019,9,10
Pennar,20,78.0,291.49,21.48,56.52,13050.0,400.0,2019,9,11
Other,20,68.03,200.98,5.76,62.27,0.0,188.0,2019,9,12
Pennar,10,16.95,-999.0,16.11,0.84,8975.0,7853.0,2019,9,14
Pennar,26,10.0,930.68,0.51,9.49,120.0,40.0,2019,9,16
Pennar,26,9.98,658.46,7.38,2.6,960.0,60.0,2019,9,17
Pennar,26,6.0,-999.0,-999.0,6.0,-999.0,-999.0,2019,9,18
Pennar,10,2.97,847.8,0.77,2.2,162.0,0.0,2019,9,20
Pennar,26,1.6,-999.0,-999.0,1.6,-999.0,-999.0,2019,9,21
Pennar,3,0.31,-999.0,-999.0,0.31,-999.0,-999.0,2019,9,22
Krishna,10,215.81,885.0,215.66,0.15,79614.0,105722.0,2019,10,1
Krishna,9,312.05,589.9,311.75,0.3,67931.0,67931.0,2019,10,2
Krishna,13,3.07,57.05,3.07,0.0,37188.0,69357.0,2019,10,4
Other,7,24.11,283.1,23.54,0.57,5236.0,4050.0,2019,10,5
Pennar,26,17.74,633.43,2.63,15.11,985.0,4.0,2019,10,6
Other,23,4.96,371.78,3.02,1.94,694.0,335.0,2019,10,7
Other,18,3.86,73.13,2.03,1.83,0.0,0.0,2019,10,8
Other,24,2.51,340.45,1.77,0.74,4551.0,4227.0,2019,10,9
Other,21,0.61,125.0,0.61,0.0,16069.0,16069.0,2019,10,10
Pennar,20,78.0,326.27,69.71,8.29,11239.0,13808.0,2019,10,11
Other,20,68.03,225.79,15.27,52.76,9503.0,1457.0,2019,10,12
Pennar,10,16.95,868.08,16.76,0.19,7000.0,3910.0,2019,10,14
Pennar,26,10.0,950.43,2.76,7.24,1221.0,570.0,2019,10,16
Pennar,26,9.98,658.46,7.38,2.6,2143.0,2106.0,2019,10,17
Pennar,26,6.0,880.74,2.93,3.07,990.0,20.0,2019,10,18
Pennar,10,2.97,847.08,0.71,2.26,0.0,0.0,2019,10,20
Pennar,26,1.6,645.91,0.89,0.72,280.0,15.0,2019,10,21
Pennar,3,0.31,-999.0,-999.0,0.31,-999.0,-999.0,2019,10,22
Krishna,10,215.81,884.25,211.61,4.2,65967.0,86194.0,2019,11,1
Krishna,9,312.05,-999.0,311.45,0.6,73463.0,73463.0,2019,11,2
Krishna,13,3.07,56.99,3.06,0.01,77190.0,76294.0,2019,11,4
Other,7,24.11,283.5,23.79,0.32,1699.0,3050.0,2019,11,5
Pennar,26,17.74,633.79,2.67,15.07,1083.0,23.0,2019,11,6
Other,23,4.96,379.1,4.24,0.72,1273.0,2183.0,2019,11,7
Other,18,3.86,79.56,3.68,0.18,1519.0,50.0,2019,11,8
Other,24,2.51,341.83,2.01,0.5,3430.0,3754.0,2019,11,9
Other,21,0.61,124.7,0.61,0.0,18493.0,18493.0,2019,11,10
Pennar,20,78.0,329.34,76.51,1.49,16312.0,19391.0,2019,11,11
Other,20,68.03,254.69,37.48,30.55,10309.0,2748.0,2019,11,12
Pennar,10,16.95,866.93,16.15,0.8,2500.0,3340.0,2019,11,14
Pennar,26,10.0,965.45,6.21,3.79,1585.0,200.0,2019,11,16
Pennar,26,9.98,658.46,7.38,2.6,10340.0,8500.0,2019,11,17
Pennar,26,6.0,-999.0,-999.0,6.0,-999.0,-999.0,2019,11,18
Pennar,10,2.97,846.49,0.65,2.32,0.0,10.0,2019,11,20
Pennar,26,1.6,-999.0,-999.0,1.6,-999.0,-999.0,2019,11,21
Pennar,3,0.31,-999.0,-999.0,0.31,-999.0,-999.0,2019,11,22
Krishna,10,215.81,878.97,182.86,32.95,0.0,22979.0,2019,12,1
Krishna,9,312.05,590.55,292.24,19.81,6729.0,16736.0,2019,12,2
Krishna,13,3.07,57.05,3.07,0.0,6549.0,7039.0,2019,12,4
Other,7,24.11,283.5,23.79,0.32,412.0,100.0,2019,12,5
Pennar,26,17.74,633.37,2.62,15.12,1144.0,790.0,2019,12,6
Other,23,4.96,374.54,3.45,1.51,123.0,522.0,2019,12,7
Other,18,3.86,79.95,3.84,0.02,1280.0,991.0,2019,12,8
Other,24,2.51,341.11,1.88,0.63,1271.0,1410.0,2019,12,9
Other,21,0.61,124.84,0.61,0.0,2888.0,2981.0,2019,12,10
Pennar,20,78.0,325.54,68.09,9.91,6852.0,8794.0,2019,12,11
Other,20,68.03,262.11,45.54,22.49,4295.0,2490.0,2019,12,12
Pennar,10,16.95,868.5,16.22,0.73,2650.0,3495.0,2019,12,14
Pennar,26,10.0,970.77,7.81,2.19,470.0,190.0,2019,12,16
Pennar,26,9.98,658.46,7.38,2.6,800.0,550.0,2019,12,17
Pennar,26,6.0,-999.0,-999.0,6.0,-999.0,-999.0,2019,12,18
Pennar,10,2.97,858.96,1.62,1.35,463.0,10.0,2019,12,20
Pennar,26,1.6,-999.0,-999.0,1.6,-999.0,-999.0,2019,12,21
Pennar,3,0.31,-999.0,-999.0,0.31,-999.0,-999.0,2019,12,22
Krishna,10,215.81,885.0,159.38,56.43,4883.0,22559.0,2020,1,1
Krishna,9,312.05,590.55,252.81,59.24,20717.0,29425.0,2020,1,2
Krishna,13,3.07,-999.0,-999.0,3.07,-999.0,-999.0,2020,1,4
Other,7,24.11,283.99,21.85,2.26,63.0,990.0,2020,1,5
Pennar,26,17.74,-999.0,-999.0,17.74,-999.0,-999.0,2020,1,6
Other,23,4.96,-999.0,-999.0,4.96,-999.0,-999.0,2020,1,7
Other,18,3.86,-999.0,-999.0,3.86,-999.0,-999.0,2020,1,8
Other,24,2.51,-999.0,-999.0,2.51,-999.0,-999.0,2020,1,9
Other,21,0.61,-999.0,-999.0,0.61,-999.0,-999.0,2020,1,10
Pennar,20,78.0,324.5,65.88,12.12,2547.0,4642.0,2020,1,11
Other,20,68.03,278.89,43.23,24.8,0.0,1800.0,2020,1,12
Pennar,10,16.95,868.5,14.0,2.95,2750.0,3285.0,2020,1,14
Pennar,26,10.0,-999.0,-999.0,10.0,-999.0,-999.0,2020,1,16
Pennar,26,9.98,-999.0,-999.0,9.98,-999.0,-999.0,2020,1,17
Pennar,26,6.0,-999.0,-999.0,6.0,-999.0,-999.0,2020,1,18
Pennar,10,2.97,-999.0,-999.0,2.97,-999.0,-999.0,2020,1,20
Pennar,26,1.6,-999.0,-999.0,1.6,-999.0,-999.0,2020,1,21
Pennar,3,0.31,-999.0,-999.0,0.31,-999.0,-999.0,2020,1,22
Krishna,10,215.81,870.0,141.67,74.14,0.0,11711.0,2020,2,1
Krishna,9,312.05,552.5,215.32,96.73,2963.0,18462.0,2020,2,2
Krishna,13,3.07,56.99,3.06,0.01,5094.0,4243.0,2020,2,4
Other,7,24.11,276.21,19.47,4.64,125.0,1200.0,2020,2,5
Pennar,26,17.74,633.37,2.62,15.12,47.0,364.0,2020,2,6
Other,23,4.96,370.9,2.88,2.08,22.0,19.0,2020,2,7
Other,18,3.86,77.59,2.97,0.89,260.0,260.0,2020,2,8
Other,24,2.51,341.7,1.98,0.53,610.0,610.0,2020,2,9
Other,21,0.61,123.2,0.47,0.14,663.0,635.0,2020,2,10
Pennar,20,78.0,321.85,60.57,17.43,720.0,4678.0,2020,2,11
Other,20,68.03,256.23,39.07,28.96,0.0,2040.0,2020,2,12
Pennar,10,16.95,-999.0,9.19,7.76,830.0,1420.0,2020,2,14
Pennar,26,10.0,964.86,6.04,3.96,0.0,160.0,2020,2,16
Pennar,26,9.98,658.46,7.38,2.6,0.0,250.0,2020,2,17
Pennar,26,6.0,-999.0,-999.0,6.0,-999.0,-999.0,2020,2,18
Pennar,10,2.97,863.65,2.16,0.81,0.0,10.0,2020,2,20
Pennar,26,1.6,-999.0,-999.0,1.6,-999.0,-999.0,2020,2,21
Pennar,3,0.31,-999.0,-999.0,0.31,-999.0,-999.0,2020,2,22
Krishna,10,215.81,848.43,76.57,139.24,0.0,16459.0,2020,3,1
Krishna,9,312.05,552.6,215.54,96.51,0.0,14145.0,2020,3,2
Krishna,13,3.07,57.05,3.07,0.0,5238.0,4005.0,2020,3,4
Other,7,24.11,270.77,16.66,7.45,31.0,1225.0,2020,3,5
Pennar,26,17.74,633.37,2.62,15.12,0.0,111.0,2020,3,6
Other,23,4.96,370.8,2.87,2.09,22.0,19.0,2020,3,7
Other,18,3.86,75.98,2.34,1.52,0.0,0.0,2020,3,8
Other,24,2.51,341.31,1.91,0.6,394.0,950.0,2020,3,9
Other,21,0.61,122.87,0.44,0.17,563.0,1199.0,2020,3,10
Pennar,20,78.0,316.44,50.68,27.32,34.0,3147.0,2020,3,11
Other,20,68.03,250.62,33.44,34.59,0.0,2265.0,2020,3,12
Pennar,10,16.95,860.89,12.63,4.32,0.0,1480.0,2020,3,14
Pennar,26,10.0,966.67,6.56,3.44,840.0,47.0,2020,3,16
Pennar,26,9.98,658.46,7.38,2.6,0.0,240.0,2020,3,17
Pennar,26,6.0,-999.0,-999.0,6.0,-999.0,-999.0,2020,3,18
Pennar,10,2.97,862.4,2.01,0.96,0.0,10.0,2020,3,20
Pennar,26,1.6,-999.0,-999.0,1.6,-999.0,-999.0,2020,3,21
Pennar,3,0.31,-999.0,-999.0,0.31,-999.0,-999.0,2020,3,22
Krishna,10,215.81,828.84,48.27,167.54,446.0,6043.0,2020,4,1
Krishna,9,312.05,590.55,201.7,110.35,659.0,8173.0,2020,4,2
Krishna,13,3.07,57.05,3.07,0.0,2800.0,2800.0,2020,4,4
Other,7,24.11,264.01,13.98,10.13,18.0,950.0,2020,4,5
Pennar,26,17.74,633.37,2.62,15.12,0.0,4.0,2020,4,6
Other,23,4.96,370.64,2.84,2.12,20.0,32.0,2020,4,7
Other,18,3.86,75.07,2.21,1.65,0.0,30.0,2020,4,8
Other,24,2.51,341.37,1.93,0.58,430.0,430.0,2020,4,9
Other,21,0.61,122.77,0.43,0.18,157.0,115.0,2020,4,10
Pennar,20,78.0,313.06,45.64,32.36,0.0,888.0,2020,4,11
Other,20,68.03,243.93,27.66,40.37,0.0,940.0,2020,4,12
Pennar,10,16.95,854.04,10.31,6.64,0.0,1120.0,2020,4,14
Pennar,26,10.0,965.52,6.23,3.77,0.0,260.0,2020,4,16
Pennar,26,9.98,618.83,0.51,9.47,0.0,240.0,2020,4,17
Pennar,26,6.0,-999.0,-999.0,6.0,-999.0,-999.0,2020,4,18
Pennar,10,2.97,860.11,1.75,1.22,0.0,10.0,2020,4,20
Pennar,26,1.6,-999.0,-999.0,1.6,-999.0,-999.0,2020,4,21
Pennar,3,0.31,-999.0,-999.0,0.31,-999.0,-999.0,2020,4,22
Krishna,10,215.81,813.09,36.12,179.69,112.0,112.0,2020,5,1
Krishna,9,312.05,-999.0,193.37,118.68,1194.0,1194.0,2020,5,2
Krishna,13,3.07,56.73,2.99,0.08,0.0,0.0,2020,5,4
Other,7,24.11,261.52,13.11,11.0,100.0,100.0,2020,5,5
Pennar,26,17.74,633.37,2.62,15.12,0.0,62.0,2020,5,6
Other,23,4.96,370.51,2.83,2.13,60.0,47.0,2020,5,7
Other,18,3.86,73.65,2.11,1.75,0.0,0.0,2020,5,8
Other,24,2.51,341.44,1.94,0.57,458.0,875.0,2020,5,9
Other,21,0.61,121.39,0.3,0.31,190.0,119.0,2020,5,10
Pennar,20,78.0,310.37,41.85,36.15,0.0,3241.0,2020,5,11
Other,20,68.03,243.11,26.98,41.05,20.0,135.0,2020,5,12
Pennar,10,16.95,-999.0,3.11,13.84,0.0,80.0,2020,5,14
Pennar,26,10.0,965.85,6.33,3.67,0.0,0.0,2020,5,16
Pennar,26,9.98,614.73,0.29,9.69,0.0,50.0,2020,5,17
Pennar,26,6.0,-999.0,-999.0,6.0,-999.0,-999.0,2020,5,18
Pennar,10,2.97,861.33,1.91,1.06,0.0,0.0,2020,5,20
Pennar,26,1.6,-999.0,-999.0,1.6,-999.0,-999.0,2020,5,21
Pennar,3,0.31,-999.0,-999.0,0.31,-999.0,-999.0,2020,5,22
Krishna,10,215.81,811.4,35.13,180.68,112.0,112.0,2020,6,1
Krishna,9,312.05,531.3,170.7,141.35,1175.0,1175.0,2020,6,2
Krishna,13,3.07,55.61,2.71,0.36,0.0,0.0,2020,6,4
Other,7,24.11,260.17,12.65,11.46,73.0,200.0,2020,6,5
Pennar,26,17.74,633.37,2.62,15.12,0.0,4.0,2020,6,6
Other,23,4.96,370.28,2.79,2.17,20.0,47.0,2020,6,7
Other,18,3.86,72.18,1.67,2.19,0.0,0.0,2020,6,8
Other,24,2.51,341.86,2.01,0.5,379.0,240.0,2020,6,9
Other,21,0.61,117.68,0.12,0.49,188.0,188.0,2020,6,10
Pennar,20,78.0,300.83,30.36,47.64,0.0,4410.0,2020,6,11
Other,20,68.03,240.83,25.17,42.86,0.0,1520.0,2020,6,12
Pennar,10,16.95,829.56,2.84,14.11,0.0,160.0,2020,6,14
Pennar,26,10.0,965.85,6.33,3.67,0.0,0.0,2020,6,16
Pennar,26,9.98,612.66,0.22,9.76,0.0,0.0,2020,6,17
Pennar,26,6.0,-999.0,-999.0,6.0,-999.0,-999.0,2020,6,18
Pennar,10,2.97,859.02,1.63,1.34,0.0,150.0,2020,6,20
Pennar,26,1.6,-999.0,-999.0,1.6,-999.0,-999.0,2020,6,21
Pennar,3,0.31,-999.0,-999.0,0.31,-999.0,-999.0,2020,6,22
Krishna,10,215.81,812.53,35.75,180.06,0.0,0.0,2020,7,1
Krishna,9,312.05,530.5,169.13,142.93,500.0,500.0,2020,7,2
Krishna,13,3.07,57.05,3.07,0.0,4239.0,3600.0,2020,7,4
Other,7,24.11,258.83,12.2,11.91,1672.0,1060.0,2020,7,5
Pennar,26,17.74,633.37,2.62,15.12,0.0,4.0,2020,7,6
Other,23,4.96,371.36,2.95,2.01,120.0,35.0,2020,7,7
Other,18,3.86,70.37,1.4,2.46,0.0,0.0,2020,7,8
Other,24,2.51,340.88,1.84,0.67,1203.0,1302.0,2020,7,9
Other,21,0.61,121.88,0.35,0.26,2125.0,2125.0,2020,7,10
Pennar,20,78.0,293.83,23.46,54.54,1187.0,3293.0,2020,7,11
Other,20,68.03,234.28,20.46,47.57,0.0,240.0,2020,7,12
Pennar,10,16.95,828.97,2.84,14.11,0.0,80.0,2020,7,14
Pennar,26,10.0,959.58,4.65,5.35,0.0,170.0,2020,7,16
Pennar,26,9.98,611.71,0.19,9.79,-999.0,-999.0,2020,7,17
Pennar,26,6.0,-999.0,-999.0,6.0,-999.0,-999.0,2020,7,18
Pennar,10,2.97,861.75,1.93,1.04,245.0,100.0,2020,7,20
Pennar,26,1.6,-999.0,-999.0,1.6,-999.0,-999.0,2020,7,21
Pennar,3,0.31,-999.0,-999.0,0.31,-999.0,-999.0,2020,7,22
Krishna,10,215.81,851.77,83.96,131.85,29675.0,44447.0,2020,8,1
Krishna,9,312.05,551.2,212.43,99.62,38298.0,2516.0,2020,8,2
Krishna,13,3.07,57.05,3.07,0.0,15219.0,10830.0,2020,8,4
Other,7,24.11,263.12,13.68,10.43,621.0,875.0,2020,8,5
Pennar,26,17.74,633.37,2.62,15.12,0.0,4.0,2020,8,6
Other,23,4.96,376.02,3.7,1.26,380.0,30.0,2020,8,7
Other,18,3.86,72.11,1.64,2.22,196.0,0.0,2020,8,8
Other,24,2.51,341.37,1.93,0.58,1220.0,1567.0,2020,8,9
Other,21,0.61,124.93,0.61,0.0,5585.0,5585.0,2020,8,10
Pennar,20,78.0,297.7,27.15,50.85,7415.0,1640.0,2020,8,11
Other,20,68.03,234.38,20.53,47.5,0.0,230.0,2020,8,12
Pennar,10,16.95,838.71,5.15,11.8,2500.0,80.0,2020,8,14
Pennar,26,10.0,959.02,4.51,5.49,1074.0,40.0,2020,8,16
Pennar,26,9.98,611.55,0.18,9.8,0.0,0.0,2020,8,17
Pennar,26,6.0,-999.0,-999.0,6.0,-999.0,-999.0,2020,8,18
Pennar,10,2.97,862.73,2.04,0.93,0.0,250.0,2020,8,20
Pennar,26,1.6,-999.0,-999.0,1.6,-999.0,-999.0,2020,8,21
Pennar,3,0.31,-999.0,-999.0,0.31,-999.0,-999.0,2020,8,22
Krishna,10,215.81,885.0,215.66,0.15,37125.0,33626.0,2020,9,1
Krishna,9,312.05,587.3,305.68,6.37,15303.0,18062.0,2020,9,2
Krishna,13,3.07,57.05,3.07,0.0,17692.0,16892.0,2020,9,4
Other,7,24.11,280.35,21.86,2.25,2868.0,3100.0,2020,9,5
Pennar,26,17.74,633.37,2.62,15.12,0.0,647.0,2020,9,6
Other,23,4.96,378.71,4.17,0.79,533.0,660.0,2020,9,7
Other,18,3.86,73.52,2.09,1.77,428.0,0.0,2020,9,8
Other,24,2.51,342.03,2.04,0.47,2428.0,2775.0,2020,9,9
Other,21,0.61,124.93,0.61,0.0,5403.0,5403.0,2020,9,10
Pennar,20,78.0,313.85,46.62,31.38,20087.0,10029.0,2020,9,11
Other,20,68.03,240.81,25.17,42.86,9073.0,140.0,2020,9,12
Pennar,10,16.95,866.93,16.15,0.8,11280.0,9170.0,2020,9,14
Pennar,26,10.0,965.35,6.19,3.81,840.0,40.0,2020,9,16
Pennar,26,9.98,610.83,0.16,9.82,-999.0,-999.0,2020,9,17
Pennar,26,6.0,-999.0,-999.0,6.0,-999.0,-999.0,2020,9,18
Pennar,10,2.97,861.91,1.95,1.02,34.0,250.0,2020,9,20
Pennar,26,1.6,-999.0,-999.0,1.6,-999.0,-999.0,2020,9,21
Pennar,3,0.31,-999.0,-999.0,0.31,-999.0,-999.0,2020,9,22
Krishna,10,215.81,884.71,213.92,1.89,235925.0,233341.0,2020,10,1
Krishna,9,312.05,590.0,312.05,0.0,260403.0,260403.0,2020,10,2
Krishna,13,3.07,56.89,3.03,0.04,109854.0,207290.0,2020,10,4
Other,7,24.11,280.91,22.19,1.92,4019.0,5160.0,2020,10,5
Pennar,26,17.74,634.32,2.73,15.01,2198.0,4.0,2020,10,6
Other,23,4.96,379.07,4.24,0.72,-999.0,-999.0,2020,10,7
Other,18,3.86,78.77,3.34,0.52,6537.0,6537.0,2020,10,8
Other,24,2.51,341.99,2.04,0.47,2236.0,2305.0,2020,10,9
Other,21,0.61,124.67,0.61,0.0,12385.0,12385.0,2020,10,10
Pennar,20,78.0,327.76,73.06,4.94,36815.0,30065.0,2020,10,11
Other,20,68.03,264.99,48.99,19.04,10394.0,2575.0,2020,10,12
Pennar,10,16.95,865.35,14.17,2.78,3360.0,4100.0,2020,10,14
Pennar,26,10.0,967.39,6.77,3.23,2860.0,2186.0,2020,10,16
Pennar,26,9.98,636.06,2.25,7.73,-999.0,-999.0,2020,10,17
Pennar,26,6.0,-999.0,-999.0,6.0,-999.0,-999.0,2020,10,18
Pennar,10,2.97,863.06,2.08,0.89,34.0,100.0,2020,10,20
Pennar,26,1.6,-999.0,-999.0,1.6,-999.0,-999.0,2020,10,21
Pennar,3,0.31,-999.0,-999.0,0.31,-999.0,-999.0,2020,10,22
Krishna,10,215.81,885.0,215.77,0.04,53720.0,48156.0,2020,11,1
Krishna,9,312.05,589.5,310.55,1.5,36562.0,46438.0,2020,11,2
Krishna,13,3.07,57.05,3.07,0.0,32531.0,30417.0,2020,11,4
Other,7,24.11,281.96,22.83,1.28,2472.0,1560.0,2020,11,5
Pennar,26,17.74,633.6,2.65,15.09,1597.0,687.0,2020,11,6
Other,23,4.96,378.77,4.18,0.78,-999.0,-999.0,2020,11,7
Other,18,3.86,78.81,3.35,0.51,1940.0,1940.0,2020,11,8
Other,24,2.51,340.98,1.86,0.65,1676.0,1676.0,2020,11,9
Other,21,0.61,124.34,0.58,0.03,4643.0,4643.0,2020,11,10
Pennar,20,78.0,328.51,74.61,3.39,8902.0,9423.0,2020,11,11
Other,20,68.03,272.74,59.06,8.97,5831.0,3020.0,2020,11,12
Pennar,10,16.95,867.49,16.45,0.5,4600.0,4170.0,2020,11,14
Pennar,26,10.0,-999.0,-999.0,10.0,-999.0,-999.0,2020,11,16
Pennar,26,9.98,637.57,2.51,7.47,-999.0,-999.0,2020,11,17
Pennar,26,6.0,-999.0,-999.0,6.0,-999.0,-999.0,2020,11,18
Pennar,10,2.97,863.22,2.11,0.86,34.0,30.0,2020,11,20
Pennar,26,1.6,-999.0,-999.0,1.6,-999.0,-999.0,2020,11,21
Pennar,3,0.31,-999.0,-999.0,0.31,-999.0,-999.0,2020,11,22
Krishna,10,215.81,881.36,195.43,20.38,5936.0,2488.0,2020,12,1
Krishna,9,312.05,589.2,309.65,2.4,1087.0,8004.0,2020,12,2
Krishna,13,3.07,57.05,3.07,0.0,5920.0,7031.0,2020,12,4
Other,7,24.11,282.61,23.24,0.87,900.0,660.0,2020,12,5
Pennar,26,17.74,633.46,2.63,15.11,876.0,1054.0,2020,12,6
Other,23,4.96,375.89,3.68,1.28,-999.0,-999.0,2020,12,7
Other,18,3.86,78.44,3.18,0.68,5976.0,3823.0,2020,12,8
Other,24,2.51,342.42,2.12,0.39,1409.0,1340.0,2020,12,9
Other,21,0.61,124.77,0.61,0.0,885.0,885.0,2020,12,10
Pennar,20,78.0,326.85,70.98,7.02,30745.0,24617.0,2020,12,11
Other,20,68.03,273.39,59.99,8.04,1806.0,5580.0,2020,12,12
Pennar,10,16.95,865.12,14.17,2.78,0.0,245.0,2020,12,14
Pennar,26,10.0,976.74,9.88,0.12,1885.0,1840.0,2020,12,16
Pennar,26,9.98,637.53,2.51,7.47,-999.0,-999.0,2020,12,17
Pennar,26,6.0,-999.0,-999.0,6.0,-999.0,-999.0,2020,12,18
Pennar,10,2.97,863.16,2.1,0.87,34.0,30.0,2020,12,20
Pennar,26,1.6,-999.0,-999.0,1.6,-999.0,-999.0,2020,12,21
Pennar,3,0.31,-999.0,-999.0,0.31,-999.0,-999.0,2020,12,22
Krishna,10,215.81,876.02,168.15,47.66,0.0,4300.0,2021,1,1
Krishna,9,312.05,576.1,271.9,40.15,5857.0,24864.0,2021,1,2
Krishna,13,3.07,57.05,3.07,0.0,5220.0,5220.0,2021,1,4
Other,7,24.11,281.2,22.37,1.74,97.0,810.0,2021,1,5
Pennar,26,17.74,633.37,2.62,15.12,182.0,256.0,2021,1,6
Other,23,4.96,377.0,3.87,1.09,-999.0,-999.0,2021,1,7
Other,18,3.86,78.87,3.38,0.48,1935.0,2213.0,2021,1,8
Other,24,2.51,341.44,1.94,0.57,1050.0,1328.0,2021,1,9
Other,21,0.61,123.43,0.49,0.12,534.0,534.0,2021,1,10
Pennar,20,78.0,328.71,75.06,2.94,7525.0,7525.0,2021,1,11
Other,20,68.03,270.7,56.3,11.73,2179.0,1670.0,2021,1,12
Pennar,10,16.95,852.99,10.01,6.94,0.0,4032.0,2021,1,14
Pennar,26,10.0,977.59,10.0,0.0,225.0,320.0,2021,1,16
Pennar,26,9.98,635.14,2.11,7.87,-999.0,-999.0,2021,1,17
Pennar,26,6.0,-999.0,-999.0,6.0,-999.0,-999.0,2021,1,18
Pennar,10,2.97,862.4,2.01,0.96,0.0,150.0,2021,1,20
Pennar,26,1.6,-999.0,-999.0,1.6,-999.0,-999.0,2021,1,21
Pennar,3,0.31,-999.0,-999.0,0.31,-999.0,-999.0,2021,1,22
Krishna,10,215.81,868.57,135.91,79.9,-3313.0,8159.0,2021,2,1
Krishna,9,312.05,560.9,234.57,77.48,9531.0,22802.0,2021,2,2
Krishna,13,3.07,56.86,3.02,0.05,5443.0,5443.0,2021,2,4
Other,7,24.11,276.71,19.74,4.37,79.0,1175.0,2021,2,5
Pennar,26,17.74,633.37,2.62,15.12,0.0,397.0,2021,2,6
Other,23,4.96,377.53,3.97,0.99,-999.0,-999.0,2021,2,7
Other,18,3.86,78.9,3.4,0.46,806.0,776.0,2021,2,8
Other,24,2.51,341.11,1.88,0.63,-999.0,-999.0,2021,2,9
Other,21,0.61,122.6,0.42,0.19,-999.0,-999.0,2021,2,10
Pennar,20,78.0,328.04,73.63,4.37,2097.0,4330.0,2021,2,11
Other,20,68.03,270.77,56.39,11.64,577.0,1595.0,2021,2,12
Pennar,10,16.95,840.85,5.7,11.25,0.0,235.0,2021,2,14
Pennar,26,10.0,977.07,10.0,0.0,0.0,40.0,2021,2,16
Pennar,26,9.98,634.28,2.0,7.98,-999.0,-999.0,2021,2,17
Pennar,26,6.0,-999.0,-999.0,6.0,-999.0,-999.0,2021,2,18
Pennar,10,2.97,862.66,2.04,0.93,0.0,200.0,2021,2,20
Pennar,26,1.6,-999.0,-999.0,1.6,-999.0,-999.0,2021,2,21
Pennar,3,0.31,-999.0,-999.0,0.31,-999.0,-999.0,2021,2,22
Krishna,10,215.81,855.6,93.58,122.23,1705.0,11844.0,2021,3,1
Krishna,9,312.05,550.7,211.32,100.73,14885.0,22552.0,2021,3,2
Krishna,13,3.07,57.05,3.07,0.0,5334.0,5334.0,2021,3,4
Other,7,24.11,272.11,17.31,6.8,0.0,0.0,2021,3,5
Pennar,26,17.74,686.12,12.41,5.33,0.0,398.0,2021,3,6
Other,23,4.96,-999.0,-999.0,4.96,-999.0,-999.0,2021,3,7
Other,18,3.86,-999.0,-999.0,3.86,-999.0,-999.0,2021,3,8
Other,24,2.51,-999.0,-999.0,2.51,-999.0,-999.0,2021,3,9
Other,21,0.61,-999.0,-999.0,0.61,496.0,496.0,2021,3,10
Pennar,20,78.0,325.7,68.44,9.56,582.0,3742.0,2021,3,11
Other,20,68.03,268.81,53.77,14.26,0.0,0.0,2021,3,12
Pennar,10,16.95,838.32,4.93,12.02,0.0,0.0,2021,3,14
Pennar,26,10.0,975.89,9.57,0.43,0.0,40.0,2021,3,16
Pennar,26,9.98,-999.0,-999.0,9.98,-999.0,-999.0,2021,3,17
Pennar,26,6.0,-999.0,-999.0,6.0,-999.0,-999.0,2021,3,18
Pennar,10,2.97,861.16,1.89,1.08,0.0,30.0,2021,3,20
Pennar,26,1.6,-999.0,-999.0,1.6,-999.0,-999.0,2021,3,21
Pennar,3,0.31,-999.0,-999.0,0.31,-999.0,-999.0,2021,3,22
Krishna,10,215.81,821.49,41.93,173.88,1570.0,29259.0,2021,4,1
Krishna,9,312.05,546.5,202.14,109.92,28237.0,23228.0,2021,4,2
Krishna,13,3.07,57.05,3.07,0.0,0.0,0.0,2021,4,4
Other,7,24.11,263.62,13.85,10.26,35.0,965.0,2021,4,5
Pennar,26,17.74,633.37,2.62,15.12,0.0,441.0,2021,4,6
Other,23,4.96,377.07,3.89,1.07,-999.0,-999.0,2021,4,7
Other,18,3.86,76.97,2.94,0.92,0.0,100.0,2021,4,8
Other,24,2.51,340.49,1.77,0.74,521.0,590.0,2021,4,9
Other,21,0.61,119.91,0.22,0.39,0.0,0.0,2021,4,10
Pennar,20,78.0,321.69,60.23,17.77,0.0,3102.0,2021,4,11
Other,20,68.03,266.04,50.27,17.76,159.0,1525.0,2021,4,12
Pennar,10,16.95,834.97,4.15,12.8,0.0,360.0,2021,4,14
Pennar,26,10.0,975.3,9.35,0.65,0.0,80.0,2021,4,16
Pennar,26,9.98,626.84,1.17,8.81,-999.0,-999.0,2021,4,17
Pennar,26,6.0,-999.0,-999.0,6.0,-999.0,-999.0,2021,4,18
Pennar,10,2.97,855.58,1.29,1.68,0.0,350.0,2021,4,20
Pennar,26,1.6,-999.0,-999.0,1.6,-999.0,-999.0,2021,4,21
Pennar,3,0.31,-999.0,-999.0,0.31,-999.0,-999.0,2021,4,22
Krishna,10,215.81,808.99,33.7,182.11,111.0,111.0,2021,5,1
Krishna,9,312.05,537.8,183.77,128.28,4728.0,4728.0,2021,5,2
Krishna,13,3.07,56.07,2.85,0.22,3935.0,3935.0,2021,5,4
Other,7,24.11,259.02,12.26,11.85,36.0,290.0,2021,5,5
Pennar,26,17.74,633.37,2.62,15.12,0.0,139.0,2021,5,6
Other,23,4.96,376.9,3.86,1.1,-999.0,-999.0,2021,5,7
Other,18,3.86,75.95,2.33,1.53,0.0,0.0,2021,5,8
Other,24,2.51,341.17,1.89,0.62,580.0,510.0,2021,5,9
Other,21,0.61,120.77,0.27,0.34,487.0,319.0,2021,5,10
Pennar,20,78.0,318.72,54.68,23.32,0.0,949.0,2021,5,11
Other,20,68.03,265.39,49.46,18.57,192.0,395.0,2021,5,12
Pennar,10,16.95,832.91,3.71,13.24,0.0,190.0,2021,5,14
Pennar,26,10.0,973.98,8.88,1.12,0.0,170.0,2021,5,16
Pennar,26,9.98,623.52,0.87,9.11,-999.0,-999.0,2021,5,17
Pennar,26,6.0,-999.0,-999.0,6.0,-999.0,-999.0,2021,5,18
Pennar,10,2.97,854.17,1.18,1.79,0.0,150.0,2021,5,20
Pennar,26,1.6,-999.0,-999.0,1.6,-999.0,-999.0,2021,5,21
Pennar,3,0.31,-999.0,-999.0,0.31,-999.0,-999.0,2021,5,22
Krishna,10,215.81,808.99,33.7,182.11,689.0,146.0,2021,6,1
Krishna,9,312.05,533.0,174.06,137.99,3192.0,3192.0,2021,6,2
Krishna,13,3.07,57.05,3.07,0.0,813.0,75.0,2021,6,4
Other,7,24.11,258.07,11.94,12.17,10.0,260.0,2021,6,5
Pennar,26,17.74,633.37,2.62,15.12,0.0,139.0,2021,6,6
Other,23,4.96,377.3,3.93,1.03,-999.0,-999.0,2021,6,7
Other,18,3.86,75.92,2.32,1.54,0.0,0.0,2021,6,8
Other,24,2.51,341.99,2.04,0.47,461.0,970.0,2021,6,9
Other,21,0.61,110.37,0.0,0.61,157.0,157.0,2021,6,10
Pennar,20,78.0,314.82,48.08,29.92,582.0,3337.0,2021,6,11
Other,20,68.03,263.58,47.29,20.74,0.0,1910.0,2021,6,12
Pennar,10,16.95,831.76,3.4,13.55,0.0,150.0,2021,6,14
Pennar,26,10.0,977.43,10.0,0.0,0.0,270.0,2021,6,16
Pennar,26,9.98,620.28,0.6,9.38,-999.0,-999.0,2021,6,17
Pennar,26,6.0,-999.0,-999.0,6.0,-999.0,-999.0,2021,6,18
Pennar,10,2.97,852.59,1.06,1.91,34.0,30.0,2021,6,20
Pennar,26,1.6,-999.0,-999.0,1.6,-999.0,-999.0,2021,6,21
Pennar,3,0.31,-999.0,-999.0,0.31,-999.0,-999.0,2021,6,22
Krishna,10,215.81,821.88,42.23,173.58,6280.0,31763.0,2021,7,1
Krishna,9,312.05,533.8,175.66,136.39,31723.0,31723.0,2021,7,2
Krishna,13,3.07,57.05,3.07,0.0,3620.0,1501.0,2021,7,4
Other,7,24.11,256.63,11.48,12.63,1115.0,855.0,2021,7,5
Pennar,26,17.74,633.37,2.62,15.12,0.0,363.0,2021,7,6
Other,23,4.96,377.4,3.94,1.02,-999.0,-999.0,2021,7,7
Other,18,3.86,75.36,2.25,1.61,0.0,0.0,2021,7,8
Other,24,2.51,342.62,2.16,0.35,1003.0,1211.0,2021,7,9
Other,21,0.61,121.03,0.28,0.33,982.0,0.0,2021,7,10
Pennar,20,78.0,313.06,45.64,32.36,1729.0,2539.0,2021,7,11
Other,20,68.03,258.46,41.45,26.58,0.0,2300.0,2021,7,12
Pennar,10,16.95,831.1,3.22,13.73,0.0,70.0,2021,7,14
Pennar,26,10.0,972.57,8.41,1.59,0.0,40.0,2021,7,16
Pennar,26,9.98,618.04,0.47,9.51,-999.0,-999.0,2021,7,17
Pennar,26,6.0,-999.0,-999.0,6.0,-999.0,-999.0,2021,7,18
Pennar,10,2.97,847.9,0.78,2.19,0.0,250.0,2021,7,20
Pennar,26,1.6,-999.0,-999.0,1.6,-999.0,-999.0,2021,7,21
Pennar,3,0.31,-999.0,-999.0,0.31,-999.0,-999.0,2021,7,22
Krishna,10,215.81,884.06,210.46,5.35,498898.0,461087.0,2021,8,1
Krishna,9,312.05,587.2,305.62,6.43,370965.0,354410.0,2021,8,2
Krishna,13,3.07,57.05,3.07,0.0,57674.0,57674.0,2021,8,4
Other,7,24.11,255.41,11.08,13.03,192.0,1150.0,2021,8,5
Pennar,26,17.74,633.46,2.63,15.11,0.0,821.0,2021,8,6
Other,23,4.96,378.38,4.11,0.85,-999.0,-999.0,2021,8,7
Other,18,3.86,77.95,2.97,0.89,0.0,0.0,2021,8,8
Other,24,2.51,341.31,1.91,0.6,2612.0,1640.0,2021,8,9
Other,21,0.61,123.88,0.54,0.07,1306.0,1306.0,2021,8,10
Pennar,20,78.0,317.75,52.89,25.11,3177.0,6250.0,2021,8,11
Other,20,68.03,254.53,37.32,30.71,4370.0,1815.0,2021,8,12
Pennar,10,16.95,859.28,11.22,5.73,140000.0,2280.0,2021,8,14
Pennar,26,10.0,973.39,8.68,1.32,0.0,70.0,2021,8,16
Pennar,26,9.98,612.5,0.21,9.77,0.0,50.0,2021,8,17
Pennar,26,6.0,-999.0,-999.0,6.0,-999.0,-999.0,2021,8,18
Pennar,10,2.97,843.47,0.5,2.47,0.0,150.0,2021,8,20
Pennar,26,1.6,-999.0,-999.0,1.6,-999.0,-999.0,2021,8,21
Pennar,3,0.31,-999.0,-999.0,0.31,-999.0,-999.0,2021,8,22
Krishna,10,215.81,874.41,160.72,55.09,44948.0,25427.0,2021,9,1
Krishna,9,312.05,587.2,305.62,6.43,36120.0,36120.0,2021,9,2
Krishna,13,3.07,57.05,3.07,0.0,65879.0,72129.0,2021,9,4
Other,7,24.11,252.53,10.17,13.94,568.0,815.0,2021,9,5
Pennar,26,17.74,633.37,2.62,15.12,370.0,722.0,2021,9,6
Other,23,4.96,374.15,3.39,1.57,-999.0,-999.0,2021,9,7
Other,18,3.86,78.74,3.32,0.54,3388.0,3388.0,2021,9,8
Other,24,2.51,341.6,1.97,0.54,3712.0,5483.0,2021,9,9
Other,21,0.61,125.0,0.61,0.0,4769.0,4769.0,2021,9,10
Pennar,20,78.0,323.93,64.73,13.27,21113.0,9944.0,2021,9,11
Other,20,68.03,266.21,50.48,17.55,10300.0,1695.0,2021,9,12
Pennar,10,16.95,867.65,16.58,0.37,8700.0,8280.0,2021,9,14
Pennar,26,10.0,973.72,8.79,1.21,440.0,190.0,2021,9,16
Pennar,26,9.98,612.34,0.21,9.77,-999.0,-999.0,2021,9,17
Pennar,26,6.0,-999.0,-999.0,6.0,-999.0,-999.0,2021,9,18
Pennar,10,2.97,816.37,0.02,2.95,0.0,0.0,2021,9,20
Pennar,26,1.6,-999.0,-999.0,1.6,-999.0,-999.0,2021,9,21
Pennar,3,0.31,-999.0,-999.0,0.31,-999.0,-999.0,2021,9,22
Krishna,10,215.81,883.86,209.31,6.5,70130.0,64301.0,2021,10,1
Krishna,9,312.05,589.5,310.55,1.5,66228.0,66228.0,2021,10,2
Krishna,13,3.07,57.05,3.07,0.0,98643.0,90073.0,2021,10,4
Other,7,24.11,272.31,17.39,6.72,3514.0,600.0,2021,10,5
Pennar,26,17.74,633.46,2.63,15.11,1250.0,603.0,2021,10,6
Other,23,4.96,378.71,4.17,0.79,3700.0,1014.0,2021,10,7
Other,18,3.86,78.77,3.34,0.52,754.0,484.0,2021,10,8
Other,24,2.51,340.88,1.84,0.67,4467.0,4143.0,2021,10,9
Other,21,0.61,123.92,0.54,0.07,16128.0,10185.0,2021,10,10
Pennar,20,78.0,327.78,73.06,4.94,7601.0,11430.0,2021,10,11
Other,20,68.03,271.36,57.18,10.85,0.0,255.0,2021,10,12
Pennar,10,16.95,868.41,16.93,0.02,4600.0,4580.0,2021,10,14
Pennar,26,10.0,974.11,8.92,1.08,0.0,190.0,2021,10,16
Pennar,26,9.98,616.37,0.37,9.61,-999.0,-999.0,2021,10,17
Pennar,26,6.0,-999.0,-999.0,6.0,-999.0,-999.0,2021,10,18
Pennar,10,2.97,815.72,0.02,2.95,0.0,0.0,2021,10,20
Pennar,26,1.6,-999.0,-999.0,1.6,-999.0,-999.0,2021,10,21
Pennar,3,0.31,-999.0,-999.0,0.31,-999.0,-999.0,2021,10,22
Krishna,10,215.81,870.57,144.08,71.73,6574.0,39676.0,2021,11,1
Krishna,9,312.05,590.0,312.05,0.0,65380.0,86130.0,2021,11,2
Krishna,13,3.07,57.05,3.07,0.0,42240.0,32967.0,2021,11,4
Other,7,24.11,279.95,21.62,2.49,3125.0,1050.0,2021,11,5
Pennar,26,17.74,633.46,2.63,15.11,1345.0,489.0,2021,11,6
Other,23,4.96,379.04,4.23,0.73,-999.0,-999.0,2021,11,7
Other,18,3.86,78.44,3.18,0.68,2510.0,1388.0,2021,11,8
Other,24,2.51,342.45,2.12,0.39,980.0,980.0,2021,11,9
Other,21,0.61,125.0,0.61,0.0,3855.0,3855.0,2021,11,10
Pennar,20,78.0,327.83,73.17,4.83,25145.0,32657.0,2021,11,11
Other,20,68.03,269.95,55.29,12.74,620.0,1645.0,2021,11,12
Pennar,10,16.95,868.24,16.84,0.11,2780.0,4760.0,2021,11,14
Pennar,26,10.0,976.25,9.7,0.3,348.0,40.0,2021,11,16
Pennar,26,9.98,-999.0,-999.0,9.98,-999.0,-999.0,2021,11,17
Pennar,26,6.0,-999.0,-999.0,6.0,-999.0,-999.0,2021,11,18
Pennar,10,2.97,0.0,0.0,2.97,0.0,0.0,2021,11,20
Pennar,26,1.6,-999.0,-999.0,1.6,-999.0,-999.0,2021,11,21
Pennar,3,0.31,-999.0,-999.0,0.31,-999.0,-999.0,2021,11,22
Krishna,10,215.81,867.81,132.77,83.04,21351.0,22259.0,2021,12,1
Krishna,9,312.05,588.39,307.28,4.77,33307.0,33307.0,2021,12,2
Krishna,13,3.07,57.05,3.07,0.0,3702.0,3702.0,2021,12,4
Other,7,24.11,281.86,22.77,1.34,506.0,50.0,2021,12,5
Pennar,26,17.74,633.46,2.63,15.11,613.0,0.0,2021,12,6
Other,23,4.96,377.95,4.04,0.92,300.0,500.0,2021,12,7
Other,18,3.86,77.72,2.97,0.89,2244.0,1434.0,2021,12,8
Other,24,2.51,342.72,2.17,0.34,756.0,1416.0,2021,12,9
Other,21,0.61,125.0,0.61,0.0,2572.0,2572.0,2021,12,10
Pennar,20,78.0,325.18,67.28,10.72,52940.0,38690.0,2021,12,11
Other,20,68.03,272.9,59.29,8.74,1200.0,3920.0,2021,12,12
Pennar,10,16.95,863.42,14.41,2.54,2500.0,1120.0,2021,12,14
Pennar,26,10.0,973.62,8.76,1.24,2000.0,2310.0,2021,12,16
Pennar,26,9.98,618.77,0.51,9.47,-999.0,-999.0,2021,12,17
Pennar,26,6.0,-999.0,-999.0,6.0,-999.0,-999.0,2021,12,18
Pennar,10,2.97,0.0,0.0,2.97,0.0,0.0,2021,12,20
Pennar,26,1.6,-999.0,-999.0,1.6,-999.0,-999.0,2021,12,21
Pennar,3,0.31,-999.0,-999.0,0.31,-999.0,-999.0,2021,12,22
Krishna,10,215.81,860.66,107.99,107.82,1308.0,25655.0,2022,1,1
Krishna,9,312.05,580.1,283.3,28.75,5753.0,19096.0,2022,1,2
Krishna,13,3.07,56.86,3.02,0.05,3947.0,4297.0,2022,1,4
Other,7,24.11,280.41,21.89,2.22,141.0,1300.0,2022,1,5
Pennar,26,17.74,633.46,2.63,15.11,1740.0,73.0,2022,1,6
Other,23,4.96,377.46,3.95,1.01,480.0,485.0,2022,1,7
Other,18,3.86,78.38,3.15,0.71,1131.0,1131.0,2022,1,8
Other,24,2.51,342.88,2.21,0.3,463.0,463.0,2022,1,9
Other,21,0.61,123.95,0.54,0.07,722.0,722.0,2022,1,10
Pennar,20,78.0,327.37,72.13,5.87,8560.0,3433.0,2022,1,11
Other,20,68.03,269.46,54.63,13.4,0.0,1320.0,2022,1,12
Pennar,10,16.95,856.17,11.13,5.82,1450.0,3580.0,2022,1,14
Pennar,26,10.0,975.79,9.53,0.47,0.0,0.0,2022,1,16
Pennar,26,9.98,620.93,0.66,9.32,1000.0,855.0,2022,1,17
Pennar,26,6.0,-999.0,-999.0,6.0,-999.0,-999.0,2022,1,18
Pennar,10,2.97,-999.0,-999.0,2.97,-999.0,-999.0,2022,1,20
Pennar,26,1.6,654.38,1.58,0.02,2.0,29.0,2022,1,21
Pennar,3,0.31,-999.0,-999.0,0.31,-999.0,-999.0,2022,1,22
Krishna,10,215.81,829.53,48.96,166.85,0.0,41872.0,2022,2,1
Krishna,9,312.05,-999.0,-999.0,312.05,-999.0,-999.0,2022,2,2
Krishna,13,3.07,57.05,3.07,0.0,3626.0,3626.0,2022,2,4
Other,7,24.11,275.16,18.89,5.22,69.0,1340.0,2022,2,5
Pennar,26,17.74,623.46,2.63,15.11,782.0,122.0,2022,2,6
Other,23,4.96,377.1,3.89,1.07,50.0,30.0,2022,2,7
Other,18,3.86,78.81,3.35,0.51,633.0,633.0,2022,2,8
Other,24,2.51,342.62,2.16,0.35,490.0,490.0,2022,2,9
Other,21,0.61,124.77,0.61,0.0,390.0,237.0,2022,2,10
Pennar,20,78.0,328.69,75.08,2.92,2816.0,3530.0,2022,2,11
Other,20,68.03,266.77,51.18,16.85,0.0,1160.0,2022,2,12
Pennar,10,16.95,834.09,3.84,13.11,0.0,1500.0,2022,2,14
Pennar,26,10.0,976.66,9.85,0.15,360.0,90.0,2022,2,16
Pennar,26,9.98,614.5,0.28,9.7,0.0,0.0,2022,2,17
Pennar,26,6.0,-999.0,-999.0,6.0,-999.0,-999.0,2022,2,18
Pennar,10,2.97,0.0,0.0,2.97,0.0,0.0,2022,2,20
Pennar,26,1.6,654.38,1.58,0.02,2.0,29.0,2022,2,21
Pennar,3,0.31,-999.0,-999.0,0.31,-999.0,-999.0,2022,2,22
Krishna,10,215.81,804.49,31.25,184.56,0.0,0.0,2022,3,1
Krishna,9,312.05,572.4,262.59,49.46,13614.0,36827.0,2022,3,2
Krishna,13,3.07,56.46,2.93,0.14,3529.0,3529.0,2022,3,4
Other,7,24.11,268.86,15.81,8.3,91.0,1400.0,2022,3,5
Pennar,26,17.74,699.86,16.18,1.56,0.0,378.0,2022,3,6
Other,23,4.96,376.05,3.71,1.25,0.0,60.0,2022,3,7
Other,18,3.86,78.44,3.18,0.68,280.0,280.0,2022,3,8
Other,24,2.51,342.32,2.1,0.41,445.0,445.0,2022,3,9
Other,21,0.61,120.77,0.27,0.34,55.0,254.0,2022,3,10
Pennar,20,78.0,321.6,69.38,8.62,670.0,4030.0,2022,3,11
Other,20,68.03,263.75,47.48,20.55,0.0,1570.0,2022,3,12
Pennar,10,16.95,826.41,2.23,14.72,0.0,130.0,2022,3,14
Pennar,26,10.0,976.0,9.62,0.38,0.0,40.0,2022,3,16
Pennar,26,9.98,608.92,0.14,9.84,0.0,0.0,2022,3,17
Pennar,26,6.0,-999.0,-999.0,6.0,-999.0,-999.0,2022,3,18
Pennar,10,2.97,815.28,0.0,2.97,0.0,0.0,2022,3,20
Pennar,26,1.6,654.38,1.55,0.05,0.0,33.0,2022,3,21
Pennar,3,0.31,-999.0,-999.0,0.31,-999.0,-999.0,2022,3,22
Krishna,10,215.81,811.19,34.98,180.83,0.0,800.0,2022,4,1
Krishna,9,312.05,548.5,206.49,105.56,13233.0,13233.0,2022,4,2
Krishna,13,3.07,57.05,3.07,0.0,3705.0,1385.0,2022,4,4
Other,7,24.11,260.17,12.64,11.47,275.0,1400.0,2022,4,5
Pennar,26,17.74,695.13,14.82,2.92,0.0,348.0,2022,4,6
Other,23,4.96,374.48,3.44,1.52,0.0,61.0,2022,4,7
Other,18,3.86,77.33,2.96,0.9,0.0,160.0,2022,4,8
Other,24,2.51,342.55,2.14,0.37,270.0,270.0,2022,4,9
Other,21,0.61,119.32,0.19,0.42,260.0,248.0,2022,4,10
Pennar,20,78.0,322.35,61.57,16.43,364.0,1645.0,2022,4,11
Other,20,68.03,260.5,43.71,24.32,0.0,845.0,2022,4,12
Pennar,10,16.95,825.07,2.01,14.94,0.0,90.0,2022,4,14
Pennar,26,10.0,975.0,9.25,0.75,0.0,120.0,2022,4,16
Pennar,26,9.98,608.63,0.14,9.84,0.0,0.0,2022,4,17
Pennar,26,6.0,-999.0,-999.0,6.0,-999.0,-999.0,2022,4,18
Pennar,10,2.97,815.28,0.0,2.97,0.0,0.0,2022,4,20
Pennar,26,1.6,-999.0,-999.0,1.6,-999.0,-999.0,2022,4,21
Pennar,3,0.31,-999.0,-999.0,0.31,-999.0,-999.0,2022,4,22
Krishna,10,215.81,812.34,35.63,180.18,0.0,0.0,2022,5,1
Krishna,9,312.05,538.8,185.84,126.21,2543.0,2543.0,2022,5,2
Krishna,13,3.07,56.14,2.86,0.21,5180.0,5180.0,2022,5,4
Other,7,24.11,254.17,10.68,13.43,169.0,524.0,2022,5,5
Pennar,26,17.74,691.2,13.74,4.0,0.0,378.0,2022,5,6
Other,23,4.96,373.1,3.23,1.73,0.0,82.0,2022,5,7
Other,18,3.86,76.12,2.4,1.46,0.0,160.0,2022,5,8
Other,24,2.51,342.03,2.04,0.47,386.0,895.0,2022,5,9
Other,21,0.61,115.32,0.05,0.56,40.0,469.0,2022,5,10
Pennar,20,78.0,320.96,58.79,19.21,0.0,1737.0,2022,5,11
Other,20,68.03,258.53,41.52,26.51,0.0,275.0,2022,5,12
Pennar,10,16.95,-999.0,-999.0,16.95,-999.0,-999.0,2022,5,14
Pennar,26,10.0,-999.0,-999.0,10.0,-999.0,-999.0,2022,5,16
Pennar,26,9.98,608.63,0.14,9.84,0.0,0.0,2022,5,17
Pennar,26,6.0,917.62,5.13,0.87,0.0,20.0,2022,5,18
Pennar,10,2.97,815.28,0.0,2.97,0.0,0.0,2022,5,20
Pennar,26,1.6,650.72,1.26,0.34,0.0,35.0,2022,5,21
Pennar,3,0.31,237.31,0.19,0.13,0.0,0.0,2022,5,22
Krishna,10,215.81,816.73,38.45,177.36,1115.0,800.0,2022,6,1
Krishna,9,312.05,535.6,179.29,132.76,4750.0,7093.0,2022,6,2
Krishna,13,3.07,56.43,2.92,0.15,0.0,0.0,2022,6,4
Other,7,24.11,252.72,10.23,13.88,27.0,385.0,2022,6,5
Pennar,26,17.74,688.31,12.97,4.77,0.0,178.0,2022,6,6
Other,23,4.96,372.83,3.19,1.77,0.0,82.0,2022,6,7
Other,18,3.86,75.3,2.24,1.62,0.0,210.0,2022,6,8
Other,24,2.51,342.09,2.06,0.45,438.0,230.0,2022,6,9
Other,21,0.61,110.3,0.0,0.61,64.0,0.0,2022,6,10
Pennar,20,78.0,319.75,56.42,21.58,458.0,2425.0,2022,6,11
Other,20,68.03,253.87,36.65,31.38,0.0,2000.0,2022,6,12
Pennar,10,16.95,819.35,1.19,15.76,0.0,120.0,2022,6,14
Pennar,26,10.0,-999.0,-999.0,10.0,-999.0,-999.0,2022,6,16
Pennar,26,9.98,-999.0,-999.0,9.98,-999.0,-999.0,2022,6,17
Pennar,26,6.0,917.17,4.96,1.04,0.0,20.0,2022,6,18
Pennar,10,2.97,815.28,0.0,2.97,0.0,0.0,2022,6,20
Pennar,26,1.6,648.72,1.12,0.48,0.0,32.5,2022,6,21
Pennar,3,0.31,237.45,0.27,0.05,0.0,0.0,2022,6,22
Krishna,10,215.81,824.08,44.01,171.8,0.0,0.0,2022,7,1
Krishna,9,312.05,531.9,171.88,140.17,4144.0,8724.0,2022,7,2
Krishna,13,3.07,56.89,3.03,0.04,-999.0,-999.0,2022,7,4
Other,7,24.11,251.28,9.79,14.32,2746.0,760.0,2022,7,5
Pennar,26,17.74,686.28,12.45,5.29,0.0,173.0,2022,7,6
Other,23,4.96,373.79,3.33,1.63,250.0,50.0,2022,7,7
Other,18,3.86,74.34,2.18,1.68,10.0,10.0,2022,7,8
Other,24,2.51,343.21,2.27,0.24,1717.0,1115.0,2022,7,9
Other,21,0.61,122.05,0.36,0.25,935.0,0.0,2022,7,10
Pennar,20,78.0,319.96,56.78,21.22,1247.0,1247.0,2022,7,11
Other,20,68.03,248.0,31.06,36.97,0.0,1520.0,2022,7,12
Pennar,10,16.95,818.14,1.06,15.89,0.0,50.0,2022,7,14
Pennar,26,10.0,971.75,8.14,1.86,0.0,40.0,2022,7,16
Pennar,26,9.98,617.95,0.46,9.52,0.0,116.0,2022,7,17
Pennar,26,6.0,-999.0,-999.0,6.0,-999.0,-999.0,2022,7,18
Pennar,10,2.97,815.28,0.0,2.97,0.0,0.0,2022,7,20
Pennar,26,1.6,647.64,1.04,0.56,0.0,31.0,2022,7,21
Pennar,3,0.31,237.35,0.26,0.06,0.0,0.0,2022,7,22
Krishna,10,215.81,881.6,196.56,19.25,93502.0,75552.0,2022,8,1
Krishna,9,312.05,557.32,226.15,85.9,27556.0,11825.0,2022,8,2
Krishna,13,3.07,-999.0,-999.0,3.07,-999.0,-999.0,2022,8,4
Other,7,24.11,256.33,11.37,12.74,1300.0,780.0,2022,8,5
Pennar,26,17.74,684.31,11.95,5.79,0.0,173.0,2022,8,6
Other,23,4.96,-999.0,-999.0,4.96,-999.0,-999.0,2022,8,7
Other,18,3.86,75.78,2.65,1.21,10.0,10.0,2022,8,8
Other,24,2.51,-999.0,-999.0,2.51,-999.0,-999.0,2022,8,9
Other,21,0.61,123.26,0.48,0.13,3781.0,3816.0,2022,8,10
Pennar,20,78.0,321.01,58.89,19.11,4260.0,996.0,2022,8,11
Other,20,68.03,247.16,30.34,37.69,0.0,815.0,2022,8,12
Pennar,10,16.95,865.52,15.43,1.52,5500.0,2120.0,2022,8,14
Pennar,26,10.0,971.11,7.93,2.07,1997.0,140.0,2022,8,16
Pennar,26,9.98,-999.0,-999.0,9.98,-999.0,-999.0,2022,8,17
Pennar,26,6.0,906.71,4.69,1.31,0.0,50.0,2022,8,18
Pennar,10,2.97,815.28,0.0,2.97,0.0,0.0,2022,8,20
Pennar,26,1.6,646.65,0.98,0.62,0.0,31.0,2022,8,21
Pennar,3,0.31,237.35,0.26,0.06,0.0,0.0,2022,8,22
Krishna,10,215.81,884.8,214.36,1.45,158530.0,187097.0,2022,9,1
Krishna,9,312.05,589.6,310.85,1.2,116451.0,61488.0,2022,9,2
Krishna,13,3.07,57.05,3.07,0.0,51390.0,52157.0,2022,9,4
Other,7,24.11,260.99,12.92,11.19,134.0,875.0,2022,9,5
Pennar,26,17.74,687.82,12.84,4.9,1718.0,699.0,2022,9,6
Other,23,4.96,374.5,3.45,1.51,47.0,590.0,2022,9,7
Other,18,3.86,76.11,2.74,1.12,0.0,10996.0,2022,9,8
Other,24,2.51,342.19,2.08,0.43,5663.0,3603.0,2022,9,9
Other,21,0.61,125.0,0.61,0.0,10638.0,10638.0,2022,9,10
Pennar,20,78.0,327.25,71.89,6.11,10876.0,10776.0,2022,9,11
Other,20,68.03,257.92,40.86,27.17,7770.0,735.0,2022,9,12
Pennar,10,16.95,866.43,15.84,1.11,2000.0,3400.0,2022,9,14
Pennar,26,10.0,974.39,9.02,0.98,2310.0,2290.0,2022,9,16
Pennar,26,9.98,620.0,0.58,9.4,0.0,146.0,2022,9,17
Pennar,26,6.0,903.81,4.56,1.44,0.0,160.0,2022,9,18
Pennar,10,2.97,815.28,0.0,2.97,0.0,0.0,2022,9,20
Pennar,26,1.6,645.57,0.92,0.68,0.0,31.0,2022,9,21
Pennar,3,0.31,237.32,0.25,0.06,0.0,0.0,2022,9,22
Krishna,10,215.81,883.01,204.21,11.6,91280.0,75239.0,2022,10,1
Krishna,9,312.05,589.99,312.05,0.0,89960.0,89960.0,2022,10,2
Krishna,13,3.07,57.05,3.07,0.0,89039.0,89249.0,2022,10,4
Other,7,24.11,272.21,17.34,6.77,3592.0,825.0,2022,10,5
Pennar,26,17.74,633.46,2.63,15.11,1430.0,863.0,2022,10,6
Other,23,4.96,376.12,3.72,1.24,755.0,553.0,2022,10,7
Other,18,3.86,71.82,1.56,2.3,4061.0,12000.0,2022,10,8
Other,24,2.51,340.68,1.81,0.7,3071.0,3071.0,2022,10,9
Other,21,0.61,124.84,0.61,0.0,12557.0,12557.0,2022,10,10
Pennar,20,78.0,326.87,71.05,6.95,33882.0,33363.0,2022,10,11
Other,20,68.03,268.41,53.26,14.77,4380.0,1670.0,2022,10,12
Pennar,10,16.95,867.84,16.37,0.58,3000.0,3590.0,2022,10,14
Pennar,26,10.0,975.61,9.47,0.53,1121.0,3612.0,2022,10,16
Pennar,26,9.98,633.14,1.86,8.12,1980.0,1911.0,2022,10,17
Pennar,26,6.0,915.4,5.48,0.52,550.0,40.0,2022,10,18
Pennar,10,2.97,815.28,0.0,2.97,0.0,0.0,2022,10,20
Pennar,26,1.6,644.62,0.86,0.74,10.0,31.0,2022,10,21
Pennar,3,0.31,237.3,0.25,0.06,0.0,0.0,2022,10,22
Krishna,10,215.81,883.27,205.91,9.9,48874.0,53776.0,2022,11,1
Krishna,9,312.05,589.6,310.85,1.2,57248.0,53790.0,2022,11,2
Krishna,13,3.07,57.05,3.07,0.0,53131.0,53443.0,2022,11,4
Other,7,24.11,278.31,20.66,3.45,825.0,825.0,2022,11,5
Pennar,26,17.74,695.1,14.81,2.93,0.0,632.0,2022,11,6
Other,23,4.96,377.72,4.0,0.96,529.0,731.0,2022,11,7
Other,18,3.86,71.46,1.52,2.34,3084.0,2905.0,2022,11,8
Other,24,2.51,340.98,1.86,0.65,2103.0,2045.0,2022,11,9
Other,21,0.61,124.84,0.61,0.0,2929.0,3198.0,2022,11,10
Pennar,20,78.0,324.48,65.86,12.14,7404.0,6902.0,2022,11,11
Other,20,68.03,268.01,52.76,15.27,2430.0,2523.0,2022,11,12
Pennar,10,16.95,868.37,16.79,0.16,3500.0,5330.0,2022,11,14
Pennar,26,10.0,974.89,9.21,0.8,2048.0,640.0,2022,11,16
Pennar,26,9.98,632.55,1.79,8.19,4000.0,3121.0,2022,11,17
Pennar,26,6.0,-999.0,-999.0,6.0,-999.0,-999.0,2022,11,18
Pennar,10,2.97,815.28,0.0,2.97,0.0,0.0,2022,11,20
Pennar,26,1.6,643.21,0.67,0.93,0.0,80.0,2022,11,21
Pennar,3,0.31,237.27,0.24,0.07,0.0,0.0,2022,11,22
Krishna,10,215.81,868.47,135.51,80.3,2264.0,24220.0,2022,12,1
Krishna,9,312.05,586.7,303.95,8.1,27063.0,21062.0,2022,12,2
Krishna,13,3.07,57.05,3.07,0.0,9137.0,8616.0,2022,12,4
Other,7,24.11,278.81,20.94,3.17,150.0,150.0,2022,12,5
Pennar,26,17.74,633.46,2.63,15.11,869.0,649.0,2022,12,6
Other,23,4.96,373.26,3.25,1.71,482.0,664.0,2022,12,7
Other,18,3.86,71.56,1.53,2.33,2222.0,2222.0,2022,12,8
Other,24,2.51,340.81,1.83,0.68,794.0,1245.0,2022,12,9
Other,21,0.61,125.0,0.61,0.0,1460.0,1365.0,2022,12,10
Pennar,20,78.0,326.88,71.08,6.92,7212.0,7721.0,2022,12,11
Other,20,68.03,266.86,51.31,16.72,4000.0,2780.0,2022,12,12
Pennar,10,16.95,867.65,16.3,0.65,0.0,550.0,2022,12,14
Pennar,26,10.0,975.9,9.58,0.42,240.0,220.0,2022,12,16
Pennar,26,9.98,633.33,1.88,8.1,0.0,406.0,2022,12,17
Pennar,26,6.0,-999.0,-999.0,6.0,-999.0,-999.0,2022,12,18
Pennar,10,2.97,815.28,0.0,2.97,0.0,0.0,2022,12,20
Pennar,26,1.6,642.06,0.56,1.04,0.0,20.0,2022,12,21
Pennar,3,0.31,237.82,0.28,0.03,0.0,0.0,2022,12,22
Krishna,10,215.81,856.9,96.95,118.86,0.0,11750.0,2023,1,1
Krishna,9,312.05,579.3,280.99,31.06,1434.0,21545.0,2023,1,2
Krishna,13,3.07,57.05,3.07,0.0,8705.0,8705.0,2023,1,4
Other,7,24.11,276.61,19.7,4.41,36.0,1330.0,2023,1,5
Pennar,26,17.74,698.05,15.66,2.08,0.0,164.0,2023,1,6
Other,23,4.96,373.4,3.27,1.69,22.0,22.0,2023,1,7
Other,18,3.86,71.6,1.71,2.15,1553.0,1739.0,2023,1,8
Other,24,2.51,341.63,1.97,0.54,1007.0,1076.0,2023,1,9
Other,21,0.61,121.95,0.35,0.26,1030.0,870.0,2023,1,10
Pennar,20,78.0,327.3,72.0,6.0,5174.0,5186.0,2023,1,11
Other,20,68.03,268.65,53.56,14.47,1450.0,2270.0,2023,1,12
Pennar,10,16.95,861.77,13.63,3.32,0.0,1540.0,2023,1,14
Pennar,26,10.0,975.9,9.58,0.42,170.0,150.0,2023,1,16
Pennar,26,9.98,637.53,2.51,7.47,3000.0,2626.0,2023,1,17
Pennar,26,6.0,916.62,5.59,0.42,0.0,10.0,2023,1,18
Pennar,10,2.97,815.28,0.0,2.97,0.0,0.0,2023,1,20
Pennar,26,1.6,641.4,0.51,1.09,0.0,20.0,2023,1,21
Pennar,3,0.31,237.82,0.28,0.03,0.0,0.0,2023,1,22
Krishna,10,215.81,838.5,59.63,156.18,0.0,4485.0,2023,2,1
Krishna,9,312.05,565.6,245.58,66.47,6543.0,26321.0,2023,2,2
Krishna,13,3.07,57.05,3.07,0.0,4560.0,4820.0,2023,2,4
Other,7,24.11,271.16,16.85,7.26,94.0,1200.0,2023,2,5
Pennar,26,17.74,694.45,14.63,3.11,0.0,399.0,2023,2,6
Other,23,4.96,372.8,3.18,1.78,0.0,22.0,2023,2,7
Other,18,3.86,71.19,1.63,2.23,1095.0,1454.0,2023,2,8
Other,24,2.51,343.04,2.24,0.27,741.0,232.0,2023,2,9
Other,21,0.61,121.31,0.3,0.31,1050.0,802.0,2023,2,10
Pennar,20,78.0,325.59,68.22,9.78,1738.0,5326.0,2023,2,11
Other,20,68.03,264.94,48.91,19.12,0.0,1740.0,2023,2,12
Pennar,10,16.95,854.16,10.32,6.63,0.0,240.0,2023,2,14
Pennar,26,10.0,975.51,9.43,0.57,30.0,90.0,2023,2,16
Pennar,26,9.98,628.94,1.38,8.6,0.0,416.0,2023,2,17
Pennar,26,6.0,913.26,5.31,0.69,0.0,10.0,2023,2,18
Pennar,10,2.97,815.28,0.0,2.97,0.0,0.0,2023,2,20
Pennar,26,1.6,640.45,0.45,1.15,0.0,20.0,2023,2,21
Pennar,3,0.31,237.78,0.28,0.04,0.0,0.0,2023,2,22
Krishna,10,215.81,822.9,43.07,172.74,0.0,4095.0,2023,3,1
Krishna,9,312.05,548.2,205.82,106.23,9521.0,34975.0,2023,3,2
Krishna,13,3.07,57.05,3.07,0.0,3694.0,3422.0,2023,3,4
Other,7,24.11,263.91,13.96,10.15,96.0,1185.0,2023,3,5
Pennar,26,17.74,690.77,13.63,4.11,0.0,399.0,2023,3,6
Other,23,4.96,371.8,3.02,1.94,0.0,34.0,2023,3,7
Other,18,3.86,71.44,1.68,2.18,667.0,667.0,2023,3,8
Other,24,2.51,342.16,2.07,0.44,610.0,332.0,2023,3,9
Other,21,0.61,117.88,0.12,0.49,100.0,285.0,2023,3,10
Pennar,20,78.0,322.17,61.17,16.83,116.0,3434.0,2023,3,11
Other,20,68.03,261.17,44.46,23.57,0.0,1840.0,2023,3,12
Pennar,10,16.95,845.04,6.96,9.99,0.0,2205.0,2023,3,14
Pennar,26,10.0,974.64,9.11,0.89,0.0,160.0,2023,3,16
Pennar,26,9.98,646.03,3.91,6.07,0.0,426.0,2023,3,17
Pennar,26,6.0,908.35,4.94,1.06,0.0,180.0,2023,3,18
Pennar,10,2.97,815.28,0.0,2.97,0.0,0.0,2023,3,20
Pennar,26,1.6,639.63,0.39,1.21,0.0,15.0,2023,3,21
Pennar,3,0.31,237.78,0.28,0.04,0.0,0.0,2023,3,22
Krishna,10,215.81,806.3,32.2,183.61,0.0,0.0,2023,4,1
Krishna,9,312.05,528.8,165.81,146.24,5151.0,9623.0,2023,4,2
Krishna,13,3.07,56.86,3.02,0.05,3241.0,3663.0,2023,4,4
Other,7,24.11,257.02,11.61,12.5,365.0,1140.0,2023,4,5
Pennar,26,17.74,633.46,2.63,15.11,0.0,429.0,2023,4,6
Other,23,4.96,371.4,2.96,2.0,0.0,44.0,2023,4,7
Other,18,3.86,71.69,1.55,2.31,807.0,993.0,2023,4,8
Other,24,2.51,341.96,2.03,0.48,567.0,150.0,2023,4,9
Other,21,0.61,120.8,0.27,0.34,500.0,409.0,2023,4,10
Pennar,20,78.0,318.39,54.11,23.89,353.0,2263.0,2023,4,11
Other,20,68.03,256.99,39.87,28.16,0.0,670.0,2023,4,12
Pennar,10,16.95,853.54,10.08,6.87,0.0,1590.0,2023,4,14
Pennar,26,10.0,973.23,8.63,1.37,0.0,210.0,2023,4,16
Pennar,26,9.98,614.96,0.3,9.68,0.0,311.0,2023,4,17
Pennar,26,6.0,903.77,4.57,1.43,0.0,10.0,2023,4,18
Pennar,10,2.97,815.28,0.0,2.97,0.0,0.0,2023,4,20
Pennar,26,1.6,639.11,0.37,1.23,0.0,5.0,2023,4,21
Pennar,3,0.31,237.71,0.27,0.04,0.0,0.0,2023,4,22
Krishna,10,215.81,806.4,32.26,183.55,0.0,800.0,2023,5,1
Krishna,9,312.05,522.1,153.13,158.92,3226.0,3226.0,2023,5,2
Krishna,13,3.07,57.05,3.07,0.0,1414.0,1310.0,2023,5,4
Other,7,24.11,251.57,9.88,14.23,110.0,225.0,2023,5,5
Pennar,26,17.74,-999.0,-999.0,17.74,-999.0,-999.0,2023,5,6
Other,23,4.96,370.28,2.79,2.17,0.0,44.0,2023,5,7
Other,18,3.86,70.54,1.41,2.45,0.0,50.0,2023,5,8
Other,24,2.51,342.13,2.06,0.45,960.0,613.0,2023,5,9
Other,21,0.61,121.03,0.28,0.33,417.0,417.0,2023,5,10
Pennar,20,78.0,316.21,50.4,27.6,191.0,3744.0,2023,5,11
Other,20,68.03,253.31,36.09,31.94,0.0,2640.0,2023,5,12
Pennar,10,16.95,851.41,9.32,7.63,0.0,100.0,2023,5,14
Pennar,26,10.0,971.34,8.01,1.99,380.0,360.0,2023,5,16
Pennar,26,9.98,616.8,0.39,9.59,0.0,656.0,2023,5,17
Pennar,26,6.0,895.0,4.0,2.0,0.0,210.0,2023,5,18
Pennar,10,2.97,815.28,0.0,2.97,0.0,0.0,2023,5,20
Pennar,26,1.6,638.66,0.34,1.26,90.0,25.0,2023,5,21
Pennar,3,0.31,237.71,0.27,0.04,0.0,0.0,2023,5,22
Krishna,10,215.81,809.55,33.99,181.82,744.0,1824.0,2023,6,1
Krishna,9,312.05,520.47,150.19,161.86,5971.0,5971.0,2023,6,2
Krishna,13,3.07,57.05,3.07,0.0,273.0,273.0,2023,6,4
Other,7,24.11,250.82,9.65,14.46,102.0,217.0,2023,6,5
Pennar,26,17.74,633.46,2.63,15.11,0.0,169.0,2023,6,6
Other,23,4.96,369.85,2.73,2.23,0.0,44.0,2023,6,7
Other,18,3.86,69.72,1.36,2.5,0.0,15.0,2023,6,8
Other,24,2.51,340.55,1.78,0.73,405.0,150.0,2023,6,9
Other,21,0.61,120.31,0.24,0.37,70.0,0.0,2023,6,10
Pennar,20,78.0,309.16,40.26,37.74,178.0,4993.0,2023,6,11
Other,20,68.03,245.7,29.13,38.9,0.0,3280.0,2023,6,12
Pennar,10,16.95,850.85,9.08,7.87,0.0,100.0,2023,6,14
Pennar,26,10.0,968.59,7.14,2.86,0.0,280.0,2023,6,16
Pennar,26,9.98,611.55,0.18,9.8,0.0,266.0,2023,6,17
Pennar,26,6.0,887.69,3.44,2.56,0.0,210.0,2023,6,18
Pennar,10,2.97,815.28,0.0,2.97,0.0,0.0,2023,6,20
Pennar,26,1.6,648.67,1.07,0.53,0.0,5.0,2023,6,21
Pennar,3,0.31,237.65,0.27,0.04,0.0,0.0,2023,6,22
Krishna,10,215.81,808.5,33.44,182.37,0.0,0.0,2023,7,1
Krishna,9,312.05,519.6,148.55,163.5,5262.0,5262.0,2023,7,2
Krishna,13,3.07,-999.0,-999.0,3.07,-999.0,-999.0,2023,7,4
Other,7,24.11,248.16,8.89,15.22,242.0,667.0,2023,7,5
Pennar,26,17.74,678.01,10.43,7.31,0.0,169.0,2023,7,6
Other,23,4.96,-999.0,-999.0,4.96,-999.0,-999.0,2023,7,7
Other,18,3.86,68.32,1.17,2.69,55.0,55.0,2023,7,8
Other,24,2.51,342.19,2.08,0.43,1020.0,950.0,2023,7,9
Other,21,0.61,122.44,0.4,0.21,410.0,0.0,2023,7,10
Pennar,20,78.0,299.93,29.35,48.65,0.0,3611.0,2023,7,11
Other,20,68.03,236.66,22.07,45.96,0.0,2450.0,2023,7,12
Pennar,10,16.95,822.11,1.55,15.4,0.0,50.0,2023,7,14
Pennar,26,10.0,967.05,6.68,3.32,0.0,140.0,2023,7,16
Pennar,26,9.98,630.15,1.5,8.48,0.0,176.0,2023,7,17
Pennar,26,6.0,879.58,2.9,3.1,0.0,210.0,2023,7,18
Pennar,10,2.97,815.28,0.0,2.97,0.0,0.0,2023,7,20
Pennar,26,1.6,648.54,1.06,0.54,0.0,5.0,2023,7,21
Pennar,3,0.31,237.65,0.27,0.04,0.0,0.0,2023,7,22
Krishna,10,215.81,853.1,87.04,128.77,39907.0,0.0,2023,8,1
Krishna,9,312.05,514.9,140.14,171.91,0.0,1350.0,2023,8,2
Krishna,13,3.07,57.05,3.07,0.0,21364.0,21364.0,2023,8,4
Other,7,24.11,249.38,9.23,14.88,795.0,1000.0,2023,8,5
Pennar,26,17.74,633.46,2.63,15.11,0.0,404.0,2023,8,6
Other,23,4.96,370.8,2.87,2.09,30.0,27.0,2023,8,7
Other,18,3.86,68.15,1.14,2.72,15.0,15.0,2023,8,8
Other,24,2.51,341.96,2.03,0.48,6164.0,4197.0,2023,8,9
Other,21,0.61,125.0,0.61,0.0,5192.0,5192.0,2023,8,10
Pennar,20,78.0,294.69,24.25,53.75,771.0,1981.0,2023,8,11
Other,20,68.03,229.28,17.27,50.76,0.0,1200.0,2023,8,12
Pennar,10,16.95,823.78,1.79,15.16,0.0,150.0,2023,8,14
Pennar,26,10.0,964.11,5.8,4.2,0.0,325.0,2023,8,16
Pennar,26,9.98,642.22,3.22,6.76,0.0,646.0,2023,8,17
Pennar,26,6.0,-999.0,-999.0,6.0,-999.0,-999.0,2023,8,18
Pennar,10,2.97,815.28,0.0,2.97,0.0,0.0,2023,8,20
Pennar,26,1.6,648.44,1.06,0.54,0.0,5.0,2023,8,21
Pennar,3,0.31,237.08,0.24,0.07,0.0,0.0,2023,8,22
Krishna,10,215.81,850.9,82.01,133.8,400.0,10547.0,2023,9,1
Krishna,9,312.05,523.5,155.74,156.31,37414.0,30928.0,2023,9,2
Krishna,13,3.07,-999.0,-999.0,3.07,-999.0,-999.0,2023,9,4
Other,7,24.11,245.96,8.29,15.82,1033.0,930.0,2023,9,5
Pennar,26,17.74,665.74,7.76,9.98,0.0,754.0,2023,9,6
Other,23,4.96,363.9,1.92,3.04,135.0,622.0,2023,9,7
Other,18,3.86,67.25,1.02,2.84,0.0,0.0,2023,9,8
Other,24,2.51,341.67,1.98,0.53,2039.0,1356.0,2023,9,9
Other,21,0.61,125.0,0.61,0.0,3476.0,3476.0,2023,9,10
Pennar,20,78.0,285.38,16.66,61.34,2752.0,2879.0,2023,9,11
Other,20,68.03,223.6,14.1,53.93,0.0,1075.0,2023,9,12
Pennar,10,16.95,845.5,7.11,9.84,0.0,180.0,2023,9,14
Pennar,26,10.0,961.24,5.05,4.95,0.0,270.0,2023,9,16
Pennar,26,9.98,634.97,2.08,7.9,0.0,276.0,2023,9,17
Pennar,26,6.0,893.7,3.87,2.13,400.0,50.0,2023,9,18
Pennar,10,2.97,815.28,0.0,2.97,0.0,0.0,2023,9,20
Pennar,26,1.6,650.57,1.21,0.39,330.0,5.0,2023,9,21
Pennar,3,0.31,237.01,0.24,0.08,0.0,0.0,2023,9,22
Krishna,10,215.81,855.6,93.58,122.23,0.0,5288.0,2023,10,1
Krishna,9,312.05,525.0,158.36,153.69,0.0,900.0,2023,10,2
Krishna,13,3.07,-999.0,-999.0,3.07,-999.0,-999.0,2023,10,4
Other,7,24.11,255.74,11.18,12.93,3724.0,750.0,2023,10,5
Pennar,26,17.74,657.01,6.08,11.66,0.0,444.0,2023,10,6
Other,23,4.96,362.0,1.65,3.31,466.0,302.0,2023,10,7
Other,18,3.86,69.55,1.35,2.51,601.0,0.0,2023,10,8
Other,24,2.51,341.21,1.9,0.61,4103.0,4635.0,2023,10,9
Other,21,0.61,125.0,0.61,0.0,11268.0,11268.0,2023,10,10
Pennar,20,78.0,298.93,28.37,49.63,3308.0,357.0,2023,10,11
Other,20,68.03,218.61,11.75,56.28,0.0,125.0,2023,10,12
Pennar,10,16.95,850.95,9.06,7.89,1000.0,140.0,2023,10,14
Pennar,26,10.0,961.15,5.06,4.94,0.0,40.0,2023,10,16
Pennar,26,9.98,628.05,1.29,8.69,0.0,306.0,2023,10,17
Pennar,26,6.0,909.88,5.07,0.93,0.0,0.0,2023,10,18
Pennar,10,2.97,815.28,0.0,2.97,0.0,0.0,2023,10,20
Pennar,26,1.6,-999.0,-999.0,1.6,-999.0,-999.0,2023,10,21
Pennar,3,0.31,237.11,0.24,0.07,12.0,0.0,2023,10,22
Krishna,10,215.81,843.83,67.88,147.93,12.0,8282.0,2023,11,1
Krishna,9,312.05,524.9,158.36,153.69,5451.0,5451.0,2023,11,2
Krishna,13,3.07,56.96,3.05,0.02,10652.0,10652.0,2023,11,4
Other,7,24.11,256.14,11.31,12.8,505.0,500.0,2023,11,5
Pennar,26,17.74,650.22,4.91,12.83,0.0,536.0,2023,11,6
Other,23,4.96,353.44,0.76,4.2,65.0,527.0,2023,11,7
Other,18,3.86,69.79,1.39,2.47,0.0,0.0,2023,11,8
Other,24,2.51,340.03,1.7,0.81,1350.0,2033.0,2023,11,9
Other,21,0.61,123.82,0.53,0.08,1670.0,1793.0,2023,11,10
Pennar,20,78.0,300.51,30.05,47.96,26.0,617.0,2023,11,11
Other,20,68.03,217.69,11.35,56.68,0.0,130.0,2023,11,12
Pennar,10,16.95,841.27,5.77,11.18,0.0,2305.0,2023,11,14
Pennar,26,10.0,960.35,4.84,5.16,0.0,40.0,2023,11,16
Pennar,26,9.98,616.27,0.36,9.62,12523.0,486.0,2023,11,17
Pennar,26,6.0,907.32,4.87,1.13,0.0,185.0,2023,11,18
Pennar,10,2.97,815.28,0.0,2.97,0.0,0.0,2023,11,20
Pennar,26,1.6,653.22,1.42,0.19,0.0,5.0,2023,11,21
Pennar,3,0.31,236.92,0.21,0.1,450.0,455.0,2023,11,22
Krishna,10,215.81,838.78,60.01,155.8,1069.0,3780.0,2023,12,1
Krishna,9,312.05,523.0,154.8,157.25,0.0,6740.0,2023,12,2
Krishna,13,3.07,56.73,2.99,0.08,63.0,63.0,2023,12,4
Other,7,24.11,257.22,11.67,12.44,67.0,350.0,2023,12,5
Pennar,26,17.74,633.46,2.63,15.11,0.0,104.0,2023,12,6
Other,23,4.96,346.1,0.3,4.66,135.0,308.0,2023,12,7
Other,18,3.86,69.88,1.36,2.5,0.0,0.0,2023,12,8
Other,24,2.51,342.91,2.21,0.3,963.0,963.0,2023,12,9
Other,21,0.61,123.1,0.46,0.15,712.0,712.0,2023,12,10
Pennar,20,78.0,300.31,29.77,48.23,590.0,196.0,2023,12,11
Other,20,68.03,217.83,11.41,56.62,1750.0,245.0,2023,12,12
Pennar,10,16.95,831.82,3.32,13.63,0.0,100.0,2023,12,14
Pennar,26,10.0,964.07,5.83,4.17,900.0,40.0,2023,12,16
Pennar,26,9.98,610.24,0.14,9.84,0.0,566.0,2023,12,17
Pennar,26,6.0,918.31,5.66,0.34,400.0,150.0,2023,12,18
Pennar,10,2.97,815.28,0.0,2.97,0.0,0.0,2023,12,20
Pennar,26,1.6,652.88,1.35,0.26,0.0,5.0,2023,12,21
Pennar,3,0.31,-999.0,-999.0,0.31,-999.0,-999.0,2023,12,22
Krishna,10,215.81,830.0,49.49,166.32,0.0,1695.0,2024,1,1
Krishna,9,312.05,522.8,154.43,157.62,6595.0,6595.0,2024,1,2
Krishna,13,3.07,56.15,2.86,0.21,0.0,102.0,2024,1,4
Other,7,24.11,259.35,12.37,11.74,42.0,550.0,2024,1,5
Pennar,26,17.74,641.33,3.6,14.14,0.0,97.0,2024,1,6
Other,23,4.96,-999.0,-999.0,4.96,-999.0,-999.0,2024,1,7
Other,18,3.86,66.19,0.92,2.94,0.0,0.0,2024,1,8
Other,24,2.51,341.83,2.01,0.5,1055.0,1263.0,2024,1,9
Other,21,0.61,124.38,0.58,0.03,650.0,473.0,2024,1,10
Pennar,20,78.0,303.72,33.64,44.36,19.0,3002.0,2024,1,11
Other,20,68.03,221.37,13.01,55.02,0.0,120.0,2024,1,12
Pennar,10,16.95,828.66,2.67,14.28,0.0,50.0,2024,1,14
Pennar,26,10.0,967.85,6.91,3.09,300.0,270.0,2024,1,16
Pennar,26,9.98,608.63,0.14,9.84,0.0,421.0,2024,1,17
Pennar,26,6.0,913.55,5.36,0.64,0.0,125.0,2024,1,18
Pennar,10,2.97,815.28,0.0,2.97,0.0,0.0,2024,1,20
Pennar,26,1.6,651.69,1.28,0.32,0.0,5.0,2024,1,21
Pennar,3,0.31,236.83,0.28,0.04,825.0,815.0,2024,1,22
Krishna,10,215.81,821.7,42.08,173.73,0.0,1695.0,2024,2,1
Krishna,9,312.05,519.3,148.03,164.02,6683.0,12992.0,2024,2,2
Krishna,13,3.07,55.61,2.71,0.36,2127.0,2150.0,2024,2,4
Other,7,24.11,252.43,10.14,13.97,102.0,950.0,2024,2,5
Pennar,26,17.74,633.46,2.63,15.11,0.0,197.0,2024,2,6
Other,23,4.96,356.2,0.99,3.97,24.0,12.0,2024,2,7
Other,18,3.86,65.12,0.84,3.02,0.0,30.0,2024,2,8
Other,24,2.51,338.71,1.49,1.02,336.0,452.0,2024,2,9
Other,21,0.61,120.21,0.24,0.37,200.0,552.0,2024,2,10
Pennar,20,78.0,295.38,24.9,53.1,0.0,3183.0,2024,2,11
Other,20,68.03,218.81,11.83,56.2,0.0,630.0,2024,2,12
Pennar,10,16.95,827.49,2.44,14.51,0.0,250.0,2024,2,14
Pennar,26,10.0,-999.0,-999.0,10.0,-999.0,-999.0,2024,2,16
Pennar,26,9.98,621.39,0.69,9.29,0.0,96.0,2024,2,17
Pennar,26,6.0,-999.0,-999.0,6.0,-999.0,-999.0,2024,2,18
Pennar,10,2.97,815.28,0.0,2.97,0.0,0.0,2024,2,20
Pennar,26,1.6,650.61,1.19,0.41,0.0,25.0,2024,2,21
Pennar,3,0.31,237.91,0.3,0.02,930.0,900.0,2024,2,22
Krishna,10,215.81,815.2,37.51,178.3,0.0,1940.0,2024,3,1
Krishna,9,312.05,516.3,142.62,169.43,1477.0,1477.0,2024,3,2
Krishna,13,3.07,53.58,2.16,0.91,0.0,0.0,2024,3,4
Other,7,24.11,243.08,7.5,16.61,110.0,1240.0,2024,3,5
Pennar,26,17.74,636.18,2.93,14.81,0.0,62.0,2024,3,6
Other,23,4.96,356.3,1.0,3.96,12.0,21.0,2024,3,7
Other,18,3.86,64.14,0.77,3.09,0.0,0.0,2024,3,8
Other,24,2.51,337.86,1.37,1.14,244.0,290.0,2024,3,9
Other,21,0.61,118.24,0.13,0.48,156.0,156.0,2024,3,10
Pennar,20,78.0,284.66,16.14,61.86,0.0,3767.0,2024,3,11
Other,20,68.03,214.25,9.96,58.07,0.0,875.0,2024,3,12
Pennar,10,16.95,823.88,1.81,15.14,0.0,150.0,2024,3,14
Pennar,26,10.0,966.95,6.65,3.35,0.0,300.0,2024,3,16
Pennar,26,9.98,617.68,0.45,9.53,0.0,264.0,2024,3,17
Pennar,26,6.0,904.97,4.67,1.33,0.0,85.0,2024,3,18
Pennar,10,2.97,815.28,0.0,2.97,0.0,0.0,2024,3,20
Pennar,26,1.6,648.1,1.04,0.56,0.0,60.0,2024,3,21
Pennar,3,0.31,237.6,0.29,0.03,0.0,0.0,2024,3,22
Krishna,10,215.81,810.1,34.38,181.43,0.0,1600.0,2024,4,1
Krishna,9,312.05,513.4,137.52,174.53,3226.0,3226.0,2024,4,2
Krishna,13,3.07,50.25,1.51,1.56,0.0,0.0,2024,4,4
Other,7,24.11,233.01,5.07,19.04,93.0,890.0,2024,4,5
Pennar,26,17.74,632.8,2.56,15.18,0.0,62.0,2024,4,6
Other,23,4.96,356.0,0.97,3.99,0.0,21.0,2024,4,7
Other,18,3.86,62.5,0.67,3.19,0.0,0.0,2024,4,8
Other,24,2.51,336.81,1.23,1.28,126.0,230.0,2024,4,9
Other,21,0.61,119.17,0.18,0.43,158.0,158.0,2024,4,10
Pennar,20,78.0,273.98,9.58,68.42,0.0,1562.0,2024,4,11
Other,20,68.03,208.87,8.06,59.97,0.0,310.0,2024,4,12
Pennar,10,16.95,819.78,1.24,15.71,0.0,170.0,2024,4,14
Pennar,26,10.0,963.09,5.56,4.44,0.0,300.0,2024,4,16
Pennar,26,9.98,618.86,0.51,9.47,468.0,341.0,2024,4,17
Pennar,26,6.0,901.26,4.41,1.59,0.0,100.0,2024,4,18
Pennar,10,2.97,815.28,0.0,2.97,0.0,0.0,2024,4,20
Pennar,26,1.6,645.67,0.87,0.73,0.0,60.0,2024,4,21
Pennar,3,0.31,237.56,0.29,0.03,0.0,0.0,2024,4,22
Krishna,10,215.81,807.7,33.02,182.79,0.0,1600.0,2024,5,1
Krishna,9,312.05,505.0,123.34,188.71,0.0,1507.0,2024,5,2
Krishna,13,3.07,52.25,1.91,1.16,1816.0,1862.0,2024,5,4
Other,7,24.11,227.07,3.96,20.15,43.0,238.0,2024,5,5
Pennar,26,17.74,631.59,2.43,15.31,0.0,57.0,2024,5,6
Other,23,4.96,355.4,0.91,4.05,0.0,21.0,2024,5,7
Other,18,3.86,59.71,0.52,3.34,0.0,0.0,2024,5,8
Other,24,2.51,337.87,1.37,1.15,140.0,140.0,2024,5,9
Other,21,0.61,117.55,0.11,0.5,20.0,55.0,2024,5,10
Pennar,20,78.0,-999.0,-999.0,78.0,-999.0,-999.0,2024,5,11
Other,20,68.03,206.21,7.22,60.81,0.0,390.0,2024,5,12
Pennar,10,16.95,818.11,1.05,15.9,0.0,50.0,2024,5,14
Pennar,26,10.0,959.24,4.57,5.43,0.0,370.0,2024,5,16
Pennar,26,9.98,618.82,0.51,9.47,338.0,211.0,2024,5,17
Pennar,26,6.0,898.31,4.19,1.81,0.0,60.0,2024,5,18
Pennar,10,2.97,815.28,0.0,2.97,0.0,0.0,2024,5,20
Pennar,26,1.6,642.77,0.7,0.91,0.0,75.0,2024,5,21
Pennar,3,0.31,237.45,0.28,0.04,0.0,0.0,2024,5,22
Krishna,10,215.81,806.2,32.15,183.66,0.0,0.0,2024,6,1
Krishna,9,312.05,504.7,122.85,189.2,0.0,1404.0,2024,6,2
Krishna,13,3.07,54.55,2.41,0.66,0.0,0.0,2024,6,4
Other,7,24.11,225.23,3.65,20.46,35.0,163.0,2024,6,5
Pennar,26,17.74,630.21,2.29,15.45,0.0,57.0,2024,6,6
Other,23,4.96,355.8,0.95,4.01,21.0,21.0,2024,6,7
Other,18,3.86,59.06,0.49,3.37,0.0,0.0,2024,6,8
Other,24,2.51,341.6,1.97,0.54,140.0,140.0,2024,6,9
Other,21,0.61,110.89,0.04,0.57,0.0,0.0,2024,6,10
Pennar,20,78.0,269.53,7.39,70.61,0.0,309.0,2024,6,11
Other,20,68.03,204.21,6.62,61.41,0.0,100.0,2024,6,12
Pennar,10,16.95,816.66,0.85,16.1,0.0,50.0,2024,6,14
Pennar,26,10.0,956.62,3.95,6.05,0.0,125.0,2024,6,16
Pennar,26,9.98,619.29,0.54,9.44,0.0,91.0,2024,6,17
Pennar,26,6.0,893.59,3.85,2.15,0.0,125.0,2024,6,18
Pennar,10,2.97,815.28,0.0,2.97,0.0,0.0,2024,6,20
Pennar,26,1.6,639.11,0.54,1.06,0.0,50.0,2024,6,21
Pennar,3,0.31,237.35,0.27,0.04,0.0,0.0,2024,6,22
Krishna,10,215.81,815.0,37.35,178.46,946.0,1600.0,2024,7,1
Krishna,9,312.05,504.1,122.87,189.18,0.0,910.0,2024,7,2
Krishna,13,3.07,53.25,2.08,0.99,324.0,0.0,2024,7,4
Other,7,24.11,223.43,3.36,20.75,80.0,80.0,2024,7,5
Pennar,26,17.74,628.73,2.16,15.58,0.0,57.0,2024,7,6
Other,23,4.96,360.3,1.14,3.82,751.0,22.0,2024,7,7
Other,18,3.86,58.4,0.46,3.4,0.0,0.0,2024,7,8
Other,24,2.51,342.42,2.12,0.39,1165.0,1165.0,2024,7,9
Other,21,0.61,124.05,0.55,0.06,930.0,582.0,2024,7,10
Pennar,20,78.0,275.07,10.14,67.86,378.0,305.0,2024,7,11
Other,20,68.03,203.13,6.32,61.71,280.0,70.0,2024,7,12
Pennar,10,16.95,815.98,0.78,16.17,0.0,30.0,2024,7,14
Pennar,26,10.0,954.82,3.56,6.44,0.0,40.0,2024,7,16
Pennar,26,9.98,618.27,0.48,9.5,0.0,91.0,2024,7,17
Pennar,26,6.0,892.09,3.73,2.27,0.0,25.0,2024,7,18
Pennar,10,2.97,815.28,0.0,2.97,0.0,0.0,2024,7,20
Pennar,26,1.6,637.48,0.43,1.18,0.0,50.0,2024,7,21
Pennar,3,0.31,237.3,0.27,0.04,0.0,0.0,2024,7,22
Krishna,10,215.81,883.8,208.72,7.09,309600.0,518202.0,2024,8,1
Krishna,9,312.05,530.9,169.91,142.14,208917.0,8344.0,2024,8,2
Krishna,13,3.07,56.55,2.96,0.11,9581.0,9581.0,2024,8,4
Other,7,24.11,260.76,12.84,11.27,3205.0,330.0,2024,8,5
Pennar,26,17.74,627.42,2.04,15.7,0.0,57.0,2024,8,6
Other,23,4.96,372.9,3.2,1.77,752.0,30.0,2024,8,7
Other,18,3.86,57.82,0.43,3.43,0.0,0.0,2024,8,8
Other,24,2.51,341.6,1.97,0.54,1777.0,2055.0,2024,8,9
Other,21,0.61,125.0,0.61,0.0,2051.0,2051.0,2024,8,10
Pennar,20,78.0,273.77,9.47,68.53,0.0,289.0,2024,8,11
Other,20,68.03,202.34,6.11,61.92,0.0,175.0,2024,8,12
Pennar,10,16.95,841.37,5.81,11.14,16125.0,20.0,2024,8,14
Pennar,26,10.0,953.61,3.34,6.67,0.0,40.0,2024,8,16
Pennar,26,9.98,624.39,0.94,9.04,0.0,76.0,2024,8,17
Pennar,26,6.0,887.83,3.54,2.46,0.0,70.0,2024,8,18
Pennar,10,2.97,815.28,0.0,2.97,0.0,0.0,2024,8,20
Pennar,26,1.6,635.89,0.37,1.23,0.0,20.0,2024,8,21
Pennar,3,0.31,237.26,0.26,0.05,0.0,0.0,2024,8,22
Krishna,10,215.81,884.92,214.36,1.45,503557.0,500109.0,2024,9,1
Krishna,9,312.05,587.8,305.98,6.07,483766.0,516877.0,2024,9,2
Krishna,13,3.07,57.05,3.07,0.0,783996.0,783996.0,2024,9,4
Other,7,24.11,274.44,18.51,5.6,9957.0,300.0,2024,9,5
Pennar,26,17.74,627.03,2.0,15.74,1411.0,138.0,2024,9,6
Other,23,4.96,-999.0,-999.0,4.96,-999.0,-999.0,2024,9,7
Other,18,3.86,67.59,1.06,2.8,4352.0,8634.0,2024,9,8
Other,24,2.51,340.22,1.73,0.78,2068.0,2380.0,2024,9,9
Other,21,0.61,-999.0,-999.0,0.61,-999.0,-999.0,2024,9,10
Pennar,20,78.0,305.64,35.89,42.11,13295.0,4210.0,2024,9,11
Other,20,68.03,206.11,7.19,60.84,3700.0,510.0,2024,9,12
Pennar,10,16.95,864.5,14.94,2.01,14300.0,11530.0,2024,9,14
Pennar,26,10.0,956.69,3.97,6.03,900.0,110.0,2024,9,16
Pennar,26,9.98,646.21,3.95,6.03,20558.0,126.0,2024,9,17
Pennar,26,6.0,888.47,3.5,2.5,880.0,70.0,2024,9,18
Pennar,10,2.97,815.28,0.0,2.97,0.0,0.0,2024,9,20
Pennar,26,1.6,636.52,0.39,1.21,180.0,10.0,2024,9,21
Pennar,3,0.31,237.38,0.27,0.04,935.0,970.0,2024,9,22
Krishna,10,215.81,880.4,190.77,25.04,70444.0,50851.0,2024,10,1
Krishna,9,312.05,588.6,307.87,4.18,49583.0,49583.0,2024,10,2
Krishna,13,3.07,57.05,3.07,0.0,38806.0,38806.0,2024,10,4
Other,7,24.11,280.58,22.0,2.11,2478.0,1300.0,2024,10,5
Pennar,26,17.74,654.19,5.58,12.16,1460.0,499.0,2024,10,6
Other,23,4.96,378.2,4.64,0.32,959.0,490.0,2024,10,7
Other,18,3.86,67.5,1.05,2.81,1341.0,1237.0,2024,10,8
Other,24,2.51,341.8,2.0,0.51,2207.0,2346.0,2024,10,9
Other,21,0.61,125.0,0.61,0.0,4368.0,4368.0,2024,10,10
Pennar,20,78.0,318.13,53.67,24.33,6116.0,11850.0,2024,10,11
Other,20,68.03,238.86,23.67,44.36,9650.0,1385.0,2024,10,12
Pennar,10,16.95,868.17,16.49,0.46,9200.0,6100.0,2024,10,14
Pennar,26,10.0,966.54,6.53,3.47,1410.0,230.0,2024,10,16
Pennar,26,9.98,656.66,5.84,4.14,0.0,341.0,2024,10,17
Pennar,26,6.0,912.78,5.28,0.72,770.0,70.0,2024,10,18
Pennar,10,2.97,815.28,0.0,2.97,0.0,0.0,2024,10,20
Pennar,26,1.6,653.48,1.43,0.17,0.0,15.0,2024,10,21
Pennar,3,0.31,236.9,0.27,0.04,1401.0,970.0,2024,10,22
Krishna,10,215.81,881.0,193.41,22.4,26234.0,47282.0,2024,11,1
Krishna,9,312.05,589.6,310.85,1.2,35628.0,49461.0,2024,11,2
Krishna,13,3.07,57.05,3.07,0.0,31172.0,31172.0,2024,11,4
Other,7,24.11,279.89,21.58,2.53,175.0,1300.0,2024,11,5
Pennar,26,17.74,670.96,8.83,8.91,1896.0,667.0,2024,11,6
Other,23,4.96,376.4,4.33,0.63,348.0,550.0,2024,11,7
Other,18,3.86,67.91,1.11,2.75,5916.0,1927.0,2024,11,8
Other,24,2.51,337.11,1.27,1.24,1524.0,1570.0,2024,11,9
Other,21,0.61,123.13,0.47,0.14,1450.0,1495.0,2024,11,10
Pennar,20,78.0,325.86,68.83,9.17,20065.0,12727.0,2024,11,11
Other,20,68.03,261.92,45.32,22.71,10000.0,1625.0,2024,11,12
Pennar,10,16.95,865.58,15.47,1.48,13800.0,15100.0,2024,11,14
Pennar,26,10.0,973.43,8.69,1.31,125.0,140.0,2024,11,16
Pennar,26,9.98,658.79,6.12,3.86,9000.0,9000.0,2024,11,17
Pennar,26,6.0,912.86,5.31,0.69,0.0,20.0,2024,11,18
Pennar,10,2.97,815.28,0.0,2.97,0.0,0.0,2024,11,20
Pennar,26,1.6,-999.0,-999.0,1.6,-999.0,-999.0,2024,11,21
Pennar,3,0.31,237.6,0.28,0.03,0.0,0.0,2024,11,22
