District,Year,Month,Rainfall,Inflow From Other States,Consumption,Irrigation,Industry,Domestic
3,2024,1,314.68080749454816,1377.3173565258796,225.42857926829168,232.00364788474255,0.047565068588478976,0.2146581656885328
3,2024,2,83.94679258163376,920.2236368512063,169.06705304946865,164.29106816287955,0.06875548068061488,0.1960532485645512
3,2024,3,42.17715511689462,224.38167538016268,131.0349566375486,132.99304592799072,0.20875082435536146,0.18807753050099674
3,2024,4,58.24024970584946,49.494003329669795,83.93931186073647,85.19335049220115,0.01392411542746197,-0.002857534088524627
3,2024,5,305.47055990673596,13.811448716681639,51.026984660273115,43.92493907967602,-0.033908913617432423,-0.009969754104635964
3,2024,6,560.0008368043278,171.7542405964851,101.48885891664992,95.14604095958742,-0.09587090499613748,0.1716948017766482
3,2024,7,678.6942516413666,1080.0376965581565,262.9352507585051,257.9708564698184,-0.01571575498022315,0.08760996780754926
3,2024,8,86.90790760100009,1457.9031686144665,27.57607535645098,11.197269592419211,0.9444400211819778,0.33864063817392775
3,2024,9,54.60500615830459,442.4040256751361,63.98645943014588,63.56671159114296,0.5449192648402846,0.3976328481443012
3,2024,10,19.785871949583964,179.7423598430209,83.98653206326625,82.93238151717418,0.16919425622207462,0.371675326390254
3,2024,11,-2.208847313596621,81.6904733871653,46.561205793489535,46.98845370364698,0.2618444205184625,0.5043154789604629
3,2024,12,10.966403308504226,86.02138044714337,20.3338094240436,19.72770523179009,0.5219791651386483,0.8234667976557618
3,2025,1,12.863964059368342,89.45106338640488,14.298520880081085,14.39071574667561,0.4210355282682169,0.7843180332830144
3,2025,2,335.305784166616,791.4642749947648,51.89784087106259,40.837554419379074,1.9074939369185708,3.5895830482397733
3,2025,3,728.9423780649278,1125.8713804117392,135.70413240868828,111.00806067684707,4.21766933580866,7.035004400673473
3,2025,4,19.23270823379582,1680.1924333686159,113.93905445317317,110.09555215200523,1.5116614163161488,1.9963310494416597
3,2025,5,61.06204366789006,1136.3788252605552,27.4554510745526,24.469840389017396,0.7490880783531579,0.8147534335401204
3,2025,6,21.946644879023232,331.0675757275195,45.84066827857144,40.070180729658084,0.5602926768821299,0.8904412982310335
3,2025,7,9.97339338160063,189.48866327847873,34.064982570452436,29.25000455077072,0.5029797083049875,0.8412519728177261
3,2025,8,6.199287175401011,132.027313554841,22.012959158212045,20.805838512612944,0.46559475843258674,0.871870734806945
3,2025,9,1.7463111440680308,92.49126272153597,14.96663962955341,15.890967550725826,0.32915022036526825,0.7847281781199122
3,2025,10,17.380696410651808,103.82322068603833,11.545252516337602,11.83787001342396,0.3587527347815058,0.7395533670449423
3,2025,11,126.36554539983882,1462.9369327471663,32.66143736217432,30.73506026474639,1.1189635981291204,2.1177838846490173
3,2025,12,200.56985024406808,1396.4224426330024,117.76698495369398,101.60626770492523,1.8309874354584506,2.9717477305910935
3,2026,1,43.7979547100155,1290.4212931577022,44.694313275374675,37.960781254599546,0.6792033217782398,0.7901084117782649
3,2026,2,49.02501555242084,356.5970983465249,39.95156925972169,32.23719785510068,0.5598738200037302,0.9084360340051882
3,2026,3,15.867716921167869,206.55832401348636,29.612195241653716,25.51546756475735,0.4696042387525445,0.899278171352756
3,2026,4,3.351579310631948,131.52378492129992,20.145537045195304,19.323430615875186,0.3971363172518888,0.8520904586344543
3,2026,5,2.6962958732039226,100.9035557708217,15.56462183527766,16.2938127421441,0.3443562741762759,0.7971160188446578
3,2026,6,14.273504450963827,104.78693523382913,11.858594620805306,12.356048568359927,0.3283083737253425,0.7350967884443858
3,2026,7,79.27295804081297,1543.791213324376,18.163456244691556,15.189779371656506,0.6749140810450129,1.38202935518968
3,2026,8,71.62088999667756,1850.5392545589407,73.10009393145003,79.96609030510152,0.464042131209422,1.192420422529952
3,2026,9,56.91489228494525,1237.52346710303,22.46592418200388,16.72606529885322,0.4864691414730835,0.7027017363002037
3,2026,10,40.15590453423438,341.98329136655445,25.76078819795186,20.85107416139924,0.35395836441140505,0.8564999340220485
3,2026,11,10.220718916936505,182.65573565756398,20.67079780175723,19.342013134331328,0.31198047279617475,0.8586132190630305
3,2026,12,1.2926757596469258,110.87654723628816,15.97224481709367,16.078067944270344,0.269580311614314,0.8048918221090121
3,2027,1,1.893925665171679,88.2617423736894,13.04555128148839,14.06847205996489,0.24729030783843897,0.7536761456853645
3,2027,2,13.926664116325,107.02028701631235,10.742433019422545,11.528468601055167,0.2827720979812337,0.7108088139053331
3,2027,3,59.552403215219826,1626.8625420918775,10.320428428940076,5.986255243100146,0.4703070359989015,0.9683076256645854
3,2027,4,46.61602735443191,2028.947901653376,42.62306019422937,52.93797458261605,0.17434896881209666,0.5852250451782472
3,2027,5,55.29744526070216,1348.9024786395994,18.48298097545686,15.413256589488668,0.3689343512569399,0.6552892487536384
3,2027,6,37.56818483377151,350.63420971973864,21.038012970805823,17.200302352733274,0.2530490427095287,0.7836905077268643
3,2027,7,9.916328667341645,171.60935093319807,17.92447074842648,16.938191894152553,0.2556437025106588,0.8282495994773571
3,2027,8,1.645416074228109,105.41416286660444,14.83171443033089,15.035733405020721,0.22583750003218345,0.7863826024041303
3,2027,9,1.7895799189893182,85.08642751899316,12.418058304156414,13.440926748747621,0.2169316358533835,0.7441719466182448
3,2027,10,11.675699979739392,103.17852778005505,10.438076406039624,11.526183325550782,0.2563014993439313,0.706689595331981
3,2027,11,54.64729047556348,1592.0990373945083,8.161185612687188,3.027950771306422,0.4327426022613424,0.8373043706016783
3,2027,12,44.492599538859416,2054.9485660403525,38.677045797863165,48.09041643776596,0.12650091452467443,0.5407114743622452
3,2028,1,54.422039119771114,1384.4817237580846,17.896494039809486,15.428651085487033,0.3496443122579513,0.6422869971269979
3,2028,2,37.722961199793716,363.3869636539108,20.35466488982936,16.703695932787404,0.23398265011498282,0.7577854141614049
3,2028,3,10.522916972149105,171.35189838524514,17.55563711509806,16.562939555667256,0.24658826373707082,0.8232154892346668
3,2028,4,1.855291622200511,105.63287936136453,14.677081993848933,14.876615461495962,0.21985933636858862,0.7840986138588084
3,2028,5,1.7550257933406783,84.91097362759223,12.372700494906802,13.384476656039848,0.21274768949675577,0.743563195404729
3,2028,6,11.075999495552722,101.95423616295756,10.40757322367006,11.5592575930519,0.2505167433134764,0.7065961496168601
3,2028,7,53.03078731279053,1541.0736007900332,6.96858055804185,2.652222258603956,0.4219903654850967,0.8122043829223736
3,2028,8,44.067310445686594,2061.3230702975243,38.243932699254934,48.203680968605255,0.12798743444644178,0.5466407586502429
3,2028,9,53.65894234473819,1403.271713904075,17.898822031409694,15.628839055242935,0.34501258354819536,0.6370206266617361
3,2028,10,38.23987251589018,372.9787034272749,20.262138817304795,16.64368355190192,0.23045382692691713,0.7460366313685927
3,2028,11,10.888262404428232,172.76033647238143,17.52324556982092,16.507081073350516,0.24516289918839912,0.822515757009034
3,2028,12,1.9843604494715947,106.41104541030393,14.68761824268493,14.868809090238678,0.21916821286955895,0.7844740398546276
6,2024,1,471.23636930304235,1312.030803303726,287.8310118179786,287.5662961469239,-0.043942687731552854,0.047045216344881124
6,2024,2,86.76041317696522,799.6374620445591,192.40230661760847,187.3157365286545,0.010316400301812911,0.011263814415586548
6,2024,3,45.93585506813008,172.45978155293363,158.71062533357082,163.86323284351081,0.1294946658554028,0.023228152221722143
6,2024,4,79.80704154623706,20.05444267123528,103.58163989143364,106.26832352576268,-0.06377435094928185,-0.19490962642213105
6,2024,5,381.818492555205,1.391997089222059,68.22903027680428,62.47771558599085,-0.13321108039895035,-0.2641856727480729
6,2024,6,868.8171539210755,251.52092736582256,144.574778381159,143.68756532240587,-0.07052328319447854,0.1871497676048608
6,2024,7,433.5805863089285,1034.0185843796207,274.4499015973273,270.7478949439947,-0.29554086340391494,-0.10896208555077402
6,2024,8,106.55978635559276,1125.4543369269502,21.46632076085602,14.219439127401,1.0632390029191765,0.32158331110889915
6,2024,9,47.121324776524865,286.34802408433296,87.64030282246415,90.80984342065469,0.3401339362538409,0.2803923425126632
6,2024,10,58.58307101745416,117.94469523398516,91.76636464568239,93.50004377127803,0.03892913157368738,0.02067265077636038
6,2024,11,63.60389982014277,38.03285842458115,64.14707786574645,64.64786515123345,0.00477826159796102,0.16072936854100628
6,2024,12,14.969945661315421,93.48826543913373,23.64629290470438,24.77816048910136,0.46776641435072225,0.7048281055670085
6,2025,1,34.260748772725734,97.49137816273418,15.716872485931198,14.998350121592239,0.5639624158511899,0.8156300462418187
6,2025,2,810.3210720511261,512.2814271063629,76.25461344342648,63.654915650113324,3.68504007829919,6.786969348595018
6,2025,3,977.4332947600575,1513.2581503080733,201.92683812875603,185.8846165632247,4.356614644739935,7.4370560049028525
6,2025,4,33.8239675741262,1992.584722138837,32.45664180788471,31.33352941328883,0.710461427751932,0.6334368876372918
6,2025,5,63.818271396408406,1114.383156321585,27.305559950046842,25.57061584405132,0.7118902002816783,0.8832523377090495
6,2025,6,23.526350976524967,360.68827850853745,42.78234675893836,38.770128619350174,0.5735508788691768,0.8903412191177047
6,2025,7,11.028312501706708,206.08756279619325,32.44570210233712,27.779713844907832,0.47232901376481295,0.8918553074728648
6,2025,8,2.04953087011927,128.37943487437832,20.85083688122902,20.03018949217836,0.4068138161290278,0.8581425520745939
6,2025,9,1.7837678974635338,89.60760991781927,13.687390622992478,14.767971984991505,0.2742218688661746,0.7610950234406446
6,2025,10,16.70899181345304,104.8123319843196,11.418476215202503,11.849063714907953,0.34149140478176665,0.7342135727729118
6,2025,11,79.175902694158,1544.0346055262373,17.247362797922598,14.339130206481908,0.6574890502747883,1.3605868041974778
6,2025,12,75.19162957773108,1851.7095079798053,74.88420362475354,81.65337035508759,0.4751136355607589,1.2254090573142251
6,2026,1,56.50779366892269,1243.4425924018813,22.74393182591657,16.833179246054033,0.4890961770944224,0.7056301077530843
6,2026,2,40.56681580931373,343.3484067633825,25.96369631682058,20.966030553661668,0.35765408452900266,0.8586503417502487
6,2026,3,10.278135464861776,183.46743022410675,20.827684958390627,19.4582266986747,0.3147111882395429,0.8599933918883154
6,2026,4,1.2686360477946437,111.2784888678674,16.024985420422023,16.11892513505593,0.2717004147579619,0.8058433800390863
6,2026,5,1.8297566172665114,88.35820195599382,13.105366753313309,14.123331297901654,0.24881105819995009,0.754629407607639
6,2026,6,13.808935158759638,106.67222334910167,10.757953581748389,11.556328400140202,0.28267479164867265,0.7113953827918144
6,2026,7,59.5486007052111,1623.5965360019911,10.189916211404327,5.870443901675067,0.47109942925599607,0.9660499120704218
6,2026,8,46.663941010351394,2029.1052493441118,42.712171260749166,53.1254050514702,0.17628063507953112,0.5875418051449904
6,2026,9,55.23950434529349,1349.8871034456806,18.500705246166007,15.428252469949175,0.36900857369559226,0.6551839055215485
6,2026,10,37.621951107409046,351.19712428798334,21.049801326677787,17.20883741483805,0.25317568403940593,0.7832243441463855
6,2026,11,9.933534686829503,171.7365349754807,17.930415938130594,16.942482873177752,0.2557437578224292,0.8283155074613857
6,2026,12,1.6498884214091731,105.46808088893908,14.836053213082195,15.03893495515512,0.225919216263475,0.7864569999207276
6,2027,1,1.7857165146921972,85.09788409729009,12.421135705004815,13.44306772903468,0.21696323028566628,0.7442310082050405
6,2027,2,11.665199098007122,103.16330575294722,10.438909289090216,11.52771105116421,0.25622208020485576,0.706722518895563
6,2027,3,54.64965858677888,1591.2309812697004,8.144711594040622,3.000567146438563,0.4325412301199454,0.8367072126208102
6,2027,4,44.50430139127949,2054.948405808488,38.69842900357742,48.12639645020596,0.12675351935393891,0.5410231832211503
6,2027,5,54.41232986378799,1384.6355463478062,17.89998695469649,15.431206914523905,0.3496369314370604,0.6422756168933753
6,2027,6,37.729964042959246,363.46449584724564,20.35627129678217,16.705185780906284,0.23401733244171996,0.7577315254080741
6,2027,7,10.524107793788843,171.3608713696455,17.555551786322276,16.562474203591385,0.2465748200990196,0.8232191102180921
6,2027,8,1.8556569879308853,105.63392086848245,14.676913191270753,14.876415251881927,0.21985553298639487,0.7840953275881367
6,2027,9,1.753977058373863,84.91065316386363,12.373010275462367,13.38461734387674,0.21275092802020784,0.7435694028048869
6,2027,10,11.07378700307433,101.94970961279131,10.407350626863664,11.559450587905072,0.2504968602857704,0.7065839478155695
6,2027,11,53.0050797740394,1540.586976618175,6.956842286451323,2.653692266130456,0.421959373568805,0.8120702543934735
6,2027,12,44.06197204640389,2061.345983454118,38.234547461405334,48.191958785887806,0.12790910736760008,0.5465662089914849
6,2028,1,53.65944979714149,1403.3040006247302,17.89559808766375,15.628415188042041,0.3449633655231732,0.636986242533411
6,2028,2,38.23863094901011,372.97840299252937,20.260701212930165,16.642994542239194,0.23042475553034703,0.7460110410571579
6,2028,3,10.890718474060193,172.76013618255104,17.521963783210765,16.506016896122745,0.24513898683500274,0.8224960089565712
6,2028,4,1.9843875135997706,106.40756036725554,14.686627686896475,14.868055147728157,0.21916049313342312,0.784455600224747
6,2028,5,1.706506577553256,84.9949351244818,12.401586140483236,13.403014984085683,0.2121971405098973,0.7440742713510557
6,2028,6,10.755018935386005,101.22053445635947,10.413926507519228,11.596853711925938,0.248220178298938,0.7070783489810801
6,2028,7,51.62957252362517,1503.8651981913476,6.16017202631291,2.7914094252356954,0.416781125197881,0.8025557705162882
6,2028,8,43.70143726290804,2064.7964164198056,37.943303423020744,48.30573917212904,0.13025733812837442,0.552094568257525
6,2028,9,53.13343816794587,1415.8900533330884,17.91400684355256,15.775628776137484,0.34193675824230574,0.6336775765355678
6,2028,10,38.60748118588802,379.55594105074397,20.20687359519725,16.611327153106995,0.22832103329020692,0.7381532635966017
6,2028,11,11.146975171694137,173.79026683809138,17.506242883759167,16.474371151273147,0.2443476197379555,0.8220968792121102
6,2028,12,2.0766761906797484,106.96560789262236,14.695839484734428,14.864045544376737,0.21877032637194288,0.7847555028519795
7,2024,1,63.18668260319842,969.2573112665862,82.9430390443043,78.49950979001409,0.3969964958847064,0.7497189889416227
7,2024,2,57.83675400189031,419.79868450702213,39.115999280179174,32.44644801542715,0.6127483333503054,0.9163094212514353
7,2024,3,48.28977453131301,346.2194613367692,35.662049732262986,31.75713079533548,0.5849707316064873,0.9007331372642561
7,2024,4,147.72546200458854,342.8283742478193,32.50030138899887,27.817840699628093,0.5900286886012214,0.860183630446093
7,2024,5,243.1137260242316,905.5987137856505,69.68429770802149,61.293252061366275,1.1529390229796912,2.011544352661768
7,2024,6,63.58404151609367,775.8554681955003,104.59455923903734,106.00361394957989,0.4369477119921572,0.9639452839183855
7,2024,7,43.162421320123876,403.2890241232273,56.707124637067,50.73210293263442,0.46139455355851194,0.7450413173530923
7,2024,8,24.600458563507786,240.30307451767993,33.38858321978225,30.724187620120947,0.48230813779567905,0.7882935992282045
7,2024,9,22.62047401028382,164.74798215637128,22.532718991195956,20.729224966974215,0.5155346164407003,0.8848438055671572
7,2024,10,17.60901616197613,131.82518105803524,17.55431637404679,16.514593443102502,0.460220052191318,0.838779267136234
7,2024,11,32.194257116803385,136.58254522482935,10.678124802055233,10.910940985300694,0.5231796594222703,0.7978345254129247
7,2024,12,133.62736520788022,1430.6512535992256,40.57536527509413,39.587378852784674,1.196719416496766,2.2644951788102965
7,2025,1,183.3067254457598,1345.2449459893132,117.47389915860815,99.56316286377647,1.8325600775096942,2.9696734852285553
7,2025,2,43.20387341544136,1232.9810539821851,43.737750801716544,37.2922488869011,0.6919742883826326,0.8156633653750187
7,2025,3,47.947044561140906,346.94360921845885,40.27686388520607,33.22068065993652,0.5559259846011109,0.9071742582093841
7,2025,4,15.937102579778951,205.16827253277773,29.4802639694772,25.500229989807828,0.4762641775029947,0.9002991973934199
7,2025,5,3.6985211357514203,130.94582858679473,20.094224771374645,19.307586099167786,0.40190922298980697,0.8520498671059713
7,2025,6,3.401262283930933,101.56903876119696,15.520325070805196,16.225948897745916,0.34617118414181197,0.7964762914872172
7,2025,7,15.57641217754609,106.04796000581575,11.739232648296525,12.158695999624463,0.33667511789248994,0.7365873556214968
7,2025,8,87.56465250134961,1540.9452550667343,22.0086955018829,19.05437234258026,0.7670618364407993,1.5339164952305864
7,2025,9,87.49962078435884,1773.157599060623,84.07617179720123,87.11877536886048,0.6170602531620094,1.466271808437296
7,2025,10,56.687316797145776,1188.4635547198723,24.275891276830173,17.572832922681776,0.5281873204532169,0.7288693663782201
7,2025,11,40.88593571066835,336.68041781777447,27.92210765691107,22.627587275624226,0.3995520486322899,0.8715001165034049
7,2025,12,10.606775173302267,186.68296327674057,21.760337752581933,20.22826984991621,0.33924236321602547,0.87018572994842
7,2026,1,1.25445444463044,113.58066023606455,16.35604437570533,16.44749255966592,0.2910233097070896,0.811300019490558
7,2026,2,2.077237771339398,90.12908452016114,13.319989029118531,14.349124453971882,0.2617952778079392,0.7577180151842011
7,2026,3,15.044480270311979,108.208606579876,10.820087770306582,11.489757801627292,0.2961359591494837,0.7137491133036151
7,2026,4,64.26437957018058,1635.4189236451286,12.55106731587055,8.19719526259032,0.493155468541081,1.0575059880842759
7,2026,5,48.76451993571135,2010.311653981175,45.61943858756308,56.88638954712903,0.21657788365211478,0.6255822747336789
7,2026,6,55.75530603213474,1326.761319167851,19.000925716981964,15.475258440683024,0.3861134943097695,0.6628138348821943
7,2026,7,37.57183172504322,346.82625940684716,21.63836954246495,17.77102420736794,0.2662780720961476,0.793622134980341
7,2026,8,9.547079234573147,172.65081799313708,18.24708215490712,17.249440285303102,0.2630198539025802,0.8325015773001629
7,2026,9,1.50250394539502,105.58825478715892,14.981292064334312,15.177755972672898,0.23092239608173792,0.7887490824290002
7,2026,10,1.7934297912223514,85.29352720359196,12.473657421473547,13.500774993823399,0.2202789887563828,0.7450005128255843
7,2026,11,12.032716426572378,103.88202578023385,10.469672167733908,11.51816592253816,0.26015274390172904,0.7070780446967586
7,2026,12,55.19516653730925,1608.0907382624841,8.542937280680018,3.785127298388076,0.44184078201304844,0.859094901143904
7,2027,1,44.703171988132354,2050.719085750472,39.12098823110249,48.46095573371537,0.13008113985823,0.5429133974260688
7,2027,2,54.71806317074358,1376.2538175266343,17.945997714578194,15.368781196128658,0.3524230406943594,0.6450237911710864
7,2027,3,37.568499454261556,359.5887674557582,20.441182703554663,16.76480495732456,0.2366246074214135,0.7633507439725027
7,2027,4,10.36865144154622,170.98000022822083,17.597299817361527,16.612142421084883,0.24778098179868285,0.8238640712658618
7,2027,5,1.804417827261787,105.41199973643648,14.687928023240495,14.893301399689388,0.22055825491825298,0.7841994536829409
7,2027,6,1.7702020032153456,84.89915652760061,12.368758676460235,13.38475803171363,0.2132710499495163,0.7434734315298979
7,2027,7,11.224263555732591,102.2900821505159,10.409502395992142,11.546321526818708,0.25170833165760514,0.7064837774169445
7,2027,8,53.638728824006776,1556.3089271426134,7.306727366635425,2.5891057268557667,0.42365976783878456,0.8163342818754091
7,2027,9,44.21867334854261,2059.883386996851,38.35351710704284,48.132447830882526,0.12679757833578736,0.544076493816423
7,2027,10,53.88712677542163,1397.7903420584726,17.887488144017453,15.563460695963172,0.34612985531054813,0.6384667074710495
7,2027,11,38.0689185672508,370.0412327461388,20.27663079688776,16.651406953409243,0.2312035827633297,0.7493836067625079
7,2027,12,10.783016775984024,172.29005595068116,17.524866816560824,16.516339415232135,0.24542815685347646,0.8226313546227573
7,2028,1,1.9505167571875717,106.1685344836963,14.67921892319032,14.866179309902929,0.21922496234446975,0.7842875135655718
7,2028,2,1.721743681716319,84.95768121603362,12.390244833197446,13.395255508774028,0.21230830471025336,0.7438800162402347
7,2028,3,10.850068153539922,101.43909071925526,10.409804756654161,11.583697595486328,0.2488393011370324,0.7068839112996662
7,2028,4,52.019816953826165,1515.0199797719079,6.401958532391781,2.761668377254786,0.41905829672895617,0.8053756341801358
7,2028,5,43.8087228500135,2063.7715734157873,38.03445125031905,48.275018720360535,0.12955619780099287,0.5504336018603956
7,2028,6,53.29641834782141,1412.0779770496915,17.90472826667269,15.732589120189857,0.3428637667518471,0.6346259090518345
7,2028,7,38.49065549360053,377.49543939186697,20.221268188677417,16.61939505944568,0.22891876681061762,0.7405829434750393
7,2028,8,11.066635307203839,173.44388560545576,17.50860611985372,16.482170307769564,0.24456576818397952,0.822196349756796
7,2028,9,2.0500315564905236,106.78991365342495,14.692261241071638,14.865558840468431,0.21890126062825666,0.7846445303599425
7,2028,10,1.6859919683958964,85.03515332241938,12.414676687672607,13.412112797538025,0.2120114149556438,0.7443079617099381
7,2028,11,10.609813121690024,100.87671693355259,10.415623808167986,11.612495313483976,0.24718953703892915,0.707264266701493
7,2028,12,50.99500329329981,1486.3115571102428,5.791848510665812,2.858582456280935,0.41288318565077387,0.7980655684982103
9,2024,1,284.4797168179216,839.4096946458321,168.4042339589619,160.79250075313828,0.08531917247717069,0.2331534187430595
9,2024,2,136.92290658459268,540.4341431300537,153.21795267717545,147.48824362866063,0.1310811281171922,0.07161690558526423
9,2024,3,83.40178700898265,206.62229658530538,130.90182890753772,136.03821612061412,0.13461541160642715,0.07298326390235488
9,2024,4,156.4726694234385,59.294905772885556,91.4819786757798,91.64005316829518,-0.10982412094679717,-0.1694349430293789
9,2024,5,640.6013829772113,120.64540330664528,77.04558151537444,73.12611822894894,-0.10007473438047121,-0.16942070252313446
9,2024,6,686.7070739421623,829.3870313024347,288.01291792816403,279.5056189986253,-0.22505726241972757,0.08611106324003037
9,2024,7,47.883572414536275,802.5328718613184,71.03895880264204,60.154558979677205,0.6921112760417943,0.019079661496645306
9,2024,8,44.772638839127964,222.76004879758443,96.5747450396475,100.66750466529109,0.2622877969734059,0.197280366376141
9,2024,9,154.17292219581572,75.75580559747766,87.19942758771961,83.69458853626982,-0.1528658298587956,-0.2548432920831063
9,2024,10,451.53898856007686,96.47210321599971,84.7746137966246,79.0792843658457,-0.18125608210096011,-0.23890707017207036
9,2024,11,590.4257884171617,380.4084146267493,203.5048120494981,196.59194215817746,-0.18652824765199527,0.18610327296649054
9,2024,12,65.23726393476935,354.0957387420284,171.58499392446546,171.26298017837374,0.1383877642266415,0.02532430605540581
9,2025,1,125.90852699939572,169.89883572390318,107.64231019282677,107.90740175840132,0.041991532070150606,-0.2855181945296348
9,2025,2,594.1842380252115,180.80329507447152,100.47525693883995,91.70207846746236,-0.27192012774721874,-0.5339237431979009
9,2025,3,728.3964404713626,732.4787597200051,251.49962178595288,239.8626003192207,-0.31695925248417944,-0.23864587251052782
9,2025,4,42.43792814091791,576.9022344577388,117.42095821815404,113.3581247338114,0.3372403908638807,-0.05641023581472493
9,2025,5,57.08263575137976,136.06772024485565,114.63627959005493,120.34594529701565,0.13074217521495463,-0.057624208543627375
9,2025,6,315.05564566978495,47.026392561590114,93.34190113139445,87.92506818422936,-0.27124154411225365,-0.47499531122130567
9,2025,7,771.658503488867,260.56108897534074,147.45944007479687,139.2694405664564,-0.2500840444561311,-0.2749512520413788
9,2025,8,370.93619606455474,631.1743316581097,271.52831851340216,268.55164958869887,-0.24175471276630545,-0.07227963688876793
9,2025,9,42.576131111448376,368.3250893926106,89.44142633166973,92.79362128320025,0.44460234815802285,0.15182284473810115
9,2025,10,182.81621518669897,116.2036157965764,102.90145825002813,100.44136520069928,-0.14295421586186874,-0.41492763874515903
9,2025,11,640.4002965048641,169.517684176716,114.07014913235231,104.25458276133956,-0.3213183050507178,-0.5114437043832436
9,2025,12,639.255104985227,676.2560023073529,266.0807662296629,255.1458879935939,-0.3709251035161316,-0.17085643766551817
9,2026,1,37.12964108382452,392.2835986691713,122.27848056707748,123.34795679013712,0.29142115854745626,0.038554831780006626
9,2026,2,65.13538779028303,122.28357382921183,107.99847992284474,111.65438059952854,0.08495562939104684,-0.076068828687063
9,2026,3,510.0697125140915,78.72574326011625,89.0640542558427,80.70926117765154,-0.2659508511944926,-0.5409525893099318
9,2026,4,862.187687467865,621.2666346773426,230.2783404085655,221.43081986185845,-0.30621368104108515,-0.2797808527916148
9,2026,5,57.874508460695765,538.2171750556945,170.04273937125615,169.70685726617526,0.10151363494293675,-0.049714398464101306
9,2026,6,37.80824703370816,180.18143520915004,106.13115983336425,111.63858748799231,0.2273000322860555,0.13536751377465195
9,2026,7,337.73849745596715,67.45026702777727,91.80256630629565,85.43061872542916,-0.25200674829819814,-0.49442654284864807
9,2026,8,821.8879556639868,320.15298171153466,157.44378980891312,149.80446324240137,-0.2474534596390322,-0.3594579457937517
9,2026,9,351.97455364605236,677.7034167954785,265.0125538353509,261.71980494066213,-0.2524144256806694,-0.1330157611623013
9,2026,10,43.293337274142964,365.9930147527398,88.42982401517054,92.42087787780619,0.45061666278108303,0.14491656435075506
9,2026,11,136.95024473706638,96.95424089565762,103.88606328385848,102.73454086823321,-0.10809452347987447,-0.3484236225877311
9,2026,12,626.1136303950898,118.62552042536652,100.53112131735136,92.85493953580253,-0.30594315136108574,-0.51574786696718
9,2027,1,736.283252191371,721.314804865214,271.24887048265475,261.33091490044944,-0.35522745314226867,-0.14623022067472902
9,2027,2,35.290109206785644,500.7202774889724,117.08306368594104,114.08912430478007,0.36764413857651956,0.020738863044710287
9,2027,3,44.59066640730495,155.93919535889233,105.7166252207097,110.28186613661532,0.18004071143642708,0.06957211494504345
9,2027,4,400.3198553458191,77.53393865350421,87.95843817816288,80.61840930144328,-0.2596720320513438,-0.5124585534521819
9,2027,5,820.9297772700456,417.2203635352074,183.5651837241807,174.91214850643715,-0.25652810360983624,-0.2758688518411778
9,2027,6,183.90351653616756,537.4197010671078,236.02080378120303,235.10931384722946,-0.055010529915381357,-0.1752053909015736
9,2027,7,32.935266180228716,222.54790180926034,104.41810675060857,110.67587865704309,0.2891566586808187,0.17268987236469147
9,2027,8,278.57192887458683,71.71187380644852,96.77929666493677,90.82479240516955,-0.23072867012935872,-0.48020928392641204
9,2027,9,811.0166742735041,258.6408703136523,137.900049903768,129.95649015984162,-0.25085134857078417,-0.4212251070621251
9,2027,10,512.2153295317522,810.1384175028713,278.73986144909367,271.16764973119325,-0.3579838131725076,-0.12657686149271985
9,2027,11,50.54542414508908,559.3053914861296,76.35565013384885,74.87938448181775,0.6206979058009657,0.07985960271246917
9,2027,12,66.18459976236001,149.189027495885,105.62203641777923,109.39417638915339,0.12512476800102496,-0.041156827921048356
9,2028,1,382.80392452621936,62.96906247909226,92.34724214180862,86.06728890545202,-0.2797531368893841,-0.49580422054249684
9,2028,2,738.5276803410022,319.9647493289564,177.04838026103292,167.69386683688222,-0.26977795745539723,-0.2053370849774292
9,2028,3,186.37533749073296,428.4701225533273,235.81221573382447,236.63258073844304,-0.04427746067910221,-0.12214343892902657
9,2028,4,30.36236408994217,192.00346233059275,113.50933873832253,119.9380299323986,0.23952436625753182,0.15108440754677854
9,2028,5,400.45799065602915,98.86644796413145,93.17837038757688,84.54715682783484,-0.24018176945706615,-0.525694556294569
9,2028,6,862.5152175470503,467.75448918579394,182.9877676083939,174.1485670753965,-0.29689343648941313,-0.47038722945709366
9,2028,7,241.60176143955425,720.2913638900079,221.8171686813506,217.14424184078337,-0.1594758821680461,-0.25221208469856493
9,2028,8,39.08903660153863,241.3544959821882,104.43687908128116,112.2847775449782,0.3017714795003955,0.070778176281588
9,2028,9,162.8641745296619,62.95712520520243,103.99557349271092,102.03729916335774,-0.19607390849883388,-0.4265001800589807
9,2028,10,682.7045058979654,113.71837952342446,104.29878744248768,96.90453791408426,-0.30874831518660295,-0.4877136655760228
9,2028,11,721.2767344003731,792.4299924408592,286.7384770126212,277.82613810513567,-0.3669546737638464,-0.10986483627568577
9,2028,12,40.89967752174968,625.3220030176857,90.44871769001844,84.94717563668377,0.5516414039525026,0.055028541516472185
13,2024,1,248.59196565722186,1124.9474834822252,207.50984798907976,208.5032959055339,0.01185974501298992,0.17974677349116086
13,2024,2,99.06485982855594,592.505933866329,188.4879269373777,185.1979011944531,0.13238534929440532,0.1350112576910849
13,2024,3,58.35885824758054,187.0372359286926,150.79771696039862,154.06630906322692,0.1426766989947167,0.1836131926502429
13,2024,4,85.2245323605204,5.227827746500566,112.8574268913291,114.91285519716268,-0.07774519049268092,-0.09678547900198686
13,2024,5,413.4284740843508,-30.626735772806228,80.05379927634823,74.86434170541162,-0.1730382158694861,-0.24249519089074378
13,2024,6,906.2539881182458,314.7360831623271,148.47441473291298,150.3751291826393,-0.025737554089020676,0.1314754738757029
13,2024,7,393.0161132032332,1108.0064889342448,259.07079212205497,257.41070243616264,-0.28855958592965425,-0.1401761798149319
13,2024,8,105.74879283972047,1060.6601762237694,23.66038050008906,16.943714793595667,1.051344132223078,0.3003586885477275
13,2024,9,45.163986132552125,266.0383148214546,92.13833503900757,95.56513920354715,0.305267992768439,0.26137420728013705
13,2024,10,66.78459795195661,103.33471378977475,93.20822432926113,94.52527571989421,0.005687684172012486,-0.028932509590656075
13,2024,11,65.7305956291925,32.22337177887255,65.1368397255916,65.50849233068607,-0.008412696309470946,0.1457495731091878
13,2024,12,15.883447945670142,92.89596835277428,23.380265606409175,24.765012489267722,0.465767143906225,0.7035948412121251
13,2025,1,45.1838715007294,96.91546478449868,15.530165704621211,14.737922505983565,0.5663159609912919,0.8147898868018315
13,2025,2,850.8506324314743,522.7894102340981,78.5397699981897,65.93454199674044,3.8352464111039364,7.048609561254657
13,2025,3,967.673861883299,1547.9698199973436,208.69295001506543,193.19205824756477,4.310337801528277,7.357750260486627
13,2025,4,34.172472352647844,1985.658219109175,31.387479667198715,30.392691002599257,0.6881543652420592,0.649492875857255
13,2025,5,65.003402803201,1077.3002152726413,27.26157018366986,25.818992554400584,0.7221013588693005,0.8892391925906679
13,2025,6,22.942929565436117,357.41187737645527,42.693985101666755,38.89094249559089,0.5692560507415637,0.8870413165083197
13,2025,7,10.591220065633152,204.1769981043285,32.401132656776824,27.739341395867946,0.4718048530955018,0.889923406315906
13,2025,8,1.9506182476682312,127.03144425804658,20.785031700338706,19.970534241955754,0.4073499423893495,0.8573243011057519
13,2025,9,1.9103874211347005,89.59455102087935,13.625135861164154,14.723256700832689,0.2746699148200489,0.7600071461345557
13,2025,10,17.56225611452014,105.20097437116249,11.323659250545468,11.699995933269882,0.34787677511221465,0.7353441411693018
13,2025,11,82.35732140838454,1544.1846626671477,19.223630111832684,16.28144303463891,0.694942206840243,1.4255311197799587
13,2025,12,81.9067882496556,1819.1419809825732,79.53313792629842,84.65077522339595,0.5397287025487928,1.3407181030011706
13,2026,1,56.69397118966104,1222.8510753476776,23.556544654826283,17.09966004602949,0.5077660953382064,0.7172931736525409
13,2026,2,40.9239540447235,340.7161377257586,26.90518991417251,21.706464326308073,0.37773454919380245,0.8645086669344817
13,2026,3,10.408036514074269,185.29984182416257,21.301562024656512,19.860880698930018,0.3267570080200341,0.8647073645963961
13,2026,4,1.2309221851814556,112.38092415217,16.195897103344954,16.28257214471448,0.28108332097270733,0.8085399476958777
13,2026,5,1.8959690068489579,89.08837856157749,13.221306299923778,14.242437981352396,0.2549842864156603,0.7563330042382052
13,2026,6,14.341638393646775,107.43973397906558,10.812677151627039,11.538973292876431,0.288545199092986,0.7121267605868791
13,2026,7,61.37933674059279,1628.6655511448355,11.192818702720285,6.704821977406052,0.47983142049980476,1.006631292671258
13,2026,8,47.580210601812105,2021.3211853767534,43.962832344962216,54.76413156451662,0.19390385124641873,0.6040973065070647
13,2026,9,55.42337464910484,1340.3178161623005,18.712714791956174,15.45834163014188,0.3753258408904224,0.6588986085179498
13,2026,10,37.62207966201788,349.1690094946765,21.283088344699173,17.43601760868482,0.2583298317706863,0.788024916172354
13,2026,11,9.773233855643383,172.11836750809113,18.06258650187398,17.07110041514043,0.25878235893724433,0.8300554660683666
13,2026,12,1.587681522796771,105.50645642043725,14.896536475326297,15.097336640677216,0.2280158589407198,0.7874006464584438
13,2027,1,1.7842888819309195,85.16209701690553,12.444458285394777,13.469131052664018,0.21840508870959402,0.7445683378038126
13,2027,2,11.812224974322945,103.42616612632003,10.451254136978164,11.52384935041055,0.25785700734667844,0.7068713443571899
13,2027,3,54.76873060170497,1599.3460041527564,8.332824445177668,3.339157677581994,0.4361568532679775,0.8456546930933839
13,2027,4,44.58926583867185,2053.3079519818552,38.85432374944897,48.23343464241768,0.12791565972900315,0.5414815571229998
13,2027,5,54.55404440494928,1380.9631922500726,17.911309712248414,15.40267614267831,0.35068952687349464,0.6434317147443359
13,2027,6,37.65760809628085,361.82628526671306,20.386908964722267,16.72632863762484,0.23498952965059305,0.7600284156086259
13,2027,7,10.460128194780907,171.18581805790535,17.571178082131155,16.581575282984787,0.24702584097559988,0.8234702664970265
13,2027,8,1.8331125691603205,105.52091734618972,14.67975501049905,14.882816548460507,0.22012790787161696,0.7841082596717988
13,2027,9,1.7608175167703308,84.89559136862005,12.370099822218762,13.383775020545606,0.21296512245504035,0.7435091849376696
13,2027,10,11.135784154693383,102.08037869812233,10.407745736195015,11.55353087661431,0.25101581484034613,0.7065383660242146
13,2027,11,53.30304905922451,1548.1285296589258,7.125457512321617,2.627540561680508,0.42265612682662645,0.8139750133889578
13,2027,12,44.15996110548092,2060.6726891603585,38.32215970942874,48.21029329693917,0.12774533598977195,0.545735086795845
13,2028,1,53.76303774773492,1400.7188197262253,17.896766720897322,15.599741924669338,0.3456129530760671,0.637725166579648
13,2028,2,38.16341635379313,371.6356199117872,20.271110396089178,16.64863828892682,0.2308497175903127,0.7476076513202982
13,2028,3,10.839391354974524,172.55648148303453,17.52566816506384,16.51266349457078,0.24532670822347669,0.8225860162588595
13,2028,4,1.9666672756765706,106.29271417852345,14.683578110648874,14.867627673146831,0.21920323411154108,0.7843881708191112
13,2028,5,1.7148423290314412,84.99293222617814,12.398206378972816,13.401088642934393,0.2122896267145296,0.7440114062102418
13,2028,6,10.796156410213442,101.31795542984969,10.413238312392792,11.591954889297753,0.24851627725130931,0.7070195003933095
13,2028,7,51.771956901958816,1508.0018241158705,6.251622214273233,2.783547139581696,0.4175978732810529,0.8035581439280466
13,2028,8,43.704661277176996,2064.3937537448373,37.932054864404286,48.2324786866029,0.1295876792615273,0.5511012625185462
13,2028,9,53.193334466615255,1414.5627726852167,17.907748163346106,15.759608399633972,0.34220098033302343,0.6339667074978205
13,2028,10,38.56326516648057,378.82223934414594,20.208788855218938,16.611393889645008,0.2284401431701955,0.7389575783435207
13,2028,11,11.116189725893989,173.64297369683993,17.505196678769114,16.475851980940945,0.24438418492716474,0.8221147711302121
13,2028,12,2.0672917042347336,106.9034779872427,14.69441672014689,14.864765216773144,0.2188055359001722,0.7847138767568036
10,2024,1,402.674840459049,1269.5150406640607,243.81785051664698,241.82749715257927,0.24681055448053357,0.1550285409215617
10,2024,2,64.19831941631912,1090.6589460885868,159.99899338930035,155.08133933997823,0.10294683219949258,0.2688202271968916
10,2024,3,35.3022237871604,283.71579510467507,134.34517148575753,133.65546919692565,0.2477131610924358,0.24980744736842309
10,2024,4,20.799146142459293,83.5365447536521,92.80324653949444,95.37345022209169,0.09067320488849517,0.11477342918441269
10,2024,5,128.51119286464376,-37.778244397901744,53.352564795077534,51.325847089193296,-0.03966889117775374,0.06098107312662959
10,2024,6,140.30794903318298,-15.628272173617233,41.9851700910654,38.21606880401357,0.0717435457666773,0.37649932830897515
10,2024,7,654.6786809914164,274.4245101058436,47.164010930019,46.64918678867234,0.5455206699425161,1.2457046237708946
10,2024,8,794.7044205545295,1722.7475329309652,249.5225763107071,246.80447007046777,2.047124155902717,3.5893929313957234
10,2024,9,55.80225214547194,1839.5778728385822,21.88571262132344,18.12499841236844,0.773358505120184,0.5915215397853847
10,2024,10,102.53278616968507,720.7739221783097,19.77692044375312,19.503845631632014,0.9629944258130949,0.7204203340526323
10,2024,11,4.740929862608169,235.4567416082371,52.25062341967659,47.96972250692464,0.37580429507322205,0.8022308557178317
10,2024,12,-0.6642704544672569,153.26989273163372,33.5449630411944,29.39694037057281,0.40843819924100633,0.7529595561083229
10,2025,1,1.1757113637025327,107.3564134096332,19.539493125132807,18.741528587433155,0.4097395961245113,0.8429739177928766
10,2025,2,4.031193399290146,88.53373596332693,13.054536772573172,14.255043972275953,0.29373822793431636,0.7513828156113739
10,2025,3,31.26242903465753,141.25362453270162,7.2365629982865585,8.42338703419841,0.4760282360066088,0.7741158364108942
10,2025,4,343.65590669686844,968.6971807269836,80.70059139679461,62.03249810400507,2.5942594377846717,4.529632945276336
10,2025,5,542.0162364771052,1035.636926208981,129.93164072686818,99.05577759109642,4.077462659650038,6.69752631115244
10,2025,6,53.54584135309092,1177.2081074705698,116.34188309968995,97.39976631470468,2.4507136180034297,3.433944538941729
10,2025,7,58.217918417088285,1100.7109719211157,31.93120668382444,27.15875741405167,0.7801266802198461,0.84993503021495
10,2025,8,20.91404013259823,344.0323364471345,48.319197461509454,42.85541571410193,0.5731849068904638,0.9314567556306504
10,2025,9,11.636808827550567,182.95244501226875,34.65861857353184,29.92675633478604,0.546256812683255,0.8347118377543945
10,2025,10,9.010749406510442,136.91078019883378,22.491627620735567,21.393129967422063,0.5002139527910126,0.8767997148165703
10,2025,11,5.618511282841354,102.67832395769807,15.5999943227871,16.225703595876464,0.37084926004837215,0.7943509872155377
10,2025,12,18.98716893091955,106.99909635225958,11.684959836950824,11.795833209236743,0.37528524637552274,0.7463531783482091
10,2026,1,144.24528576244376,1415.5140692635248,38.804181036348574,36.45149386440946,1.2754044274944207,2.3970197641952145
10,2026,2,238.84360200888733,1258.6691861178574,122.03757146341047,98.73930932045913,2.3321333495709964,3.721569172089432
10,2026,3,19.32800102910332,1342.700624216203,60.27991838804543,56.81600955487875,0.871776103112283,1.116085436372587
10,2026,4,46.848555577687584,386.34216108321726,42.05776354706404,33.56475080195787,0.601853625372145,0.9509055748917732
10,2026,5,18.272283517216053,214.72782573040195,32.73447693927245,28.132127857871,0.518900138966556,0.8839180205191108
10,2026,6,6.672090728602726,137.2563602721479,21.85278777119764,20.38772237797614,0.4465967702316543,0.8680990089287017
10,2026,7,3.6612876614133683,106.30421081478653,16.44342475205541,16.96845240491583,0.3833584711118858,0.8107393756282653
10,2026,8,13.050395306308346,103.23496945425228,12.377899985309494,12.886228877996903,0.3398293455917202,0.7446986323502625
10,2026,9,77.41762367305836,1505.7850963893077,14.831840568521184,11.654259760448493,0.6452521058319047,1.2956222537076199
10,2026,10,81.71115858215181,1827.4399886546516,77.34130137266925,82.95242051548018,0.5419222844004166,1.3381810868283375
10,2026,11,55.78876744360827,1248.8829448902247,23.4762345095393,17.367995039547576,0.4907455363770941,0.7133328827802881
10,2026,12,41.44297974583371,346.1647221261301,26.288988159844887,21.15934285631203,0.3646336674270385,0.8619871540478271
10,2027,1,10.696817527743633,185.54075043212725,21.02328448211607,19.604772921390015,0.3187790749533869,0.8617599449449919
10,2027,2,1.4285444491222137,112.60100261777654,16.108895141565743,16.18302287428193,0.2749672564616518,0.8073279223866325
10,2027,3,1.852808488440374,89.01683503417058,13.203142400522005,14.211097060149395,0.2518768101916137,0.7561642177250905
10,2027,4,13.700556857479071,106.4284706255458,10.78967733660635,11.596424433654398,0.28291335032389486,0.712386771539568
10,2027,5,59.29273982045174,1617.8674456941917,9.922032084749112,5.662669610868303,0.4709205102495794,0.9580977303991323
10,2027,6,46.46399799741956,2029.5341900448245,42.569136117880355,52.99827916131662,0.1752441569458586,0.5874293416597782
10,2027,7,55.163731552432886,1352.13804067527,18.4789278586071,15.436587322439912,0.3678222197091361,0.6544732799172074
10,2027,8,37.683170165343036,352.40625396492203,21.022305983654626,17.187526814929363,0.2522368511535394,0.7813480661633898
10,2027,9,9.994286888552452,171.85470597539683,17.912812240691576,16.923324075697423,0.2553007579399803,0.8280467635486709
10,2027,10,1.6716073842703736,105.53762151804227,14.82971291404673,15.031539825267213,0.22564100450458918,0.7863828458315874
10,2027,11,1.781474212600628,85.0950399816989,12.42137870651846,13.442712402062018,0.21680597361199178,0.7442503911163176
10,2027,12,11.618188707365505,103.05130367980632,10.437447570061558,11.531242676608244,0.25582438199348695,0.706750208768816
10,2028,1,54.66094771124427,1587.745537641665,8.06948500331967,2.87669691712588,0.431503113895922,0.833868483329032
10,2028,2,44.499067865493465,2055.4311844156027,38.70973970380233,48.186152707080694,0.1270937149454081,0.5416520171998825
10,2028,3,54.35806966981124,1385.8395285761044,17.90396587261079,15.443818316518112,0.34940149831354206,0.6419648208874346
10,2028,4,37.76807710146302,364.1467430964226,20.35238327256382,16.70223855109242,0.23383450649567356,0.7569299187916161
10,2028,5,10.548979727582534,171.4733541383793,17.555557351242438,16.560614598978106,0.24652281543753868,0.8231955586116111
10,2028,6,1.8641280600499641,105.69500926674414,14.679391435715274,14.877464999587964,0.21984073368736373,0.7841615398564867
10,2028,7,1.7509797061783843,84.91778348182464,12.375390206317398,13.386229842930348,0.21273247596798073,0.7436099639049376
10,2028,8,11.05264315293688,101.89462990944054,10.40884573541328,11.562846936582861,0.2503797085827529,0.7066477866662122
10,2028,9,52.91180325628101,1538.0457793664186,6.899927993003075,2.6610982181596654,0.42175444281733554,0.811474891690102
10,2028,10,44.044126636887874,2061.670132515583,38.2248756301675,48.217152730832765,0.12820482974747693,0.547054281043109
10,2028,11,53.622493730117235,1404.170935126488,17.898239569766297,15.639161574352325,0.3447726315547438,0.6367618632747652
10,2028,12,38.25820169669734,373.3365412382075,20.25586251485117,16.639967950055798,0.2302784571162605,0.7455502937376008
18,2024,1,190.54023617572915,1887.1466274346626,186.79257030073035,192.2816275738524,0.30185298861681514,0.49988394295956273
18,2024,2,44.975332244085685,1455.2495687099085,77.07947558909473,66.78085148325398,0.3364630322636263,0.3692650294230936
18,2024,3,45.61142383162094,460.9519555466373,73.35733051086605,70.24724105953179,0.4636354140868115,0.4532290016597079
18,2024,4,8.309084819420889,200.8234653585722,51.46997456467841,49.48896536526505,0.30418410415771757,0.5864042077807746
18,2024,5,9.511165136483669,133.83484915796527,26.840373434097266,24.90696922222699,0.4760525155181873,0.7533894489976836
18,2024,6,2.462881299750478,90.37151533083659,17.67401409673855,17.194934570648783,0.4176601960288813,0.8295742099855431
18,2024,7,11.698054949612725,92.4552506100361,13.325149565080107,13.672139993918623,0.37810517184282166,0.7678800769543206
18,2024,8,137.2915741386054,1246.1275977518408,22.330334902308955,20.525329511978168,0.9512341421265063,1.951925986414691
18,2024,9,301.96856997728133,1248.5263488762403,123.78201069586775,102.19548279535032,2.514998157898789,4.094316248742419
18,2024,10,9.2602265400363,1430.805637000472,77.15329610998863,75.21163143446952,1.0446714182507542,1.3854199345268607
18,2024,11,52.99514723899883,461.76862731546464,39.772643164281874,30.449659656244293,0.6892117149062356,0.994803228598489
18,2024,12,20.538484757964724,234.1133176000377,35.48096166534106,30.756416858755607,0.5214165375890308,0.8583140162897374
18,2025,1,8.687569885929435,145.43880071210515,23.78608926404016,21.433462284354633,0.4730711063509639,0.8778752381792079
18,2025,2,4.025164864738954,111.23362394586536,17.503369529983292,17.71071061021629,0.40834383017390186,0.8260992526060212
18,2025,3,10.427840689867011,100.33665543495272,12.946773948650922,13.60033328270703,0.3399476081835963,0.7547337467014681
18,2025,4,58.701571302672534,1303.8121905204048,4.273571343451913,2.078666806639074,0.5251450289279563,0.9080098838129815
18,2025,5,84.8748502924231,1867.1113152393862,68.94424123564269,76.53886245080572,0.5712628855860429,1.3619493893889822
18,2025,6,51.88465193168346,1378.9906578846926,24.218034656901523,18.961502137019643,0.42153458096646185,0.6979229510316517
18,2025,7,44.86368933234389,393.00548327577775,24.417748511598482,19.588381886546998,0.3245642075563363,0.7985977313480143
18,2025,8,12.613181081657999,191.5645471963279,20.407936015546287,18.907611480729173,0.29786292060894537,0.8538198890039126
18,2025,9,2.2181539207195016,115.93999432184819,16.023110042328153,15.988186453398576,0.2599206622734111,0.8071422785221088
18,2025,10,1.5408402829562533,89.06935102769268,13.276922112001394,14.215032712201936,0.24255140659676788,0.75777938933184
18,2025,11,11.069233463508738,101.00674509142641,10.74809254322512,11.844686158752353,0.26199998261591206,0.7149914149028458
18,2025,12,51.4228871597615,1449.5716724827507,5.301245149372782,2.6310667760538884,0.4250820444930019,0.8113378420317157
18,2026,1,43.56222615360302,2057.5629091381584,38.88011715438991,50.25301936314246,0.153000848159293,0.5826994853101173
18,2026,2,52.464602368333736,1425.5312847235361,18.172408346255377,15.994153060634964,0.3425349624783345,0.6329584918270901
18,2026,3,39.26270711204367,387.49542992646684,20.347001994769236,16.73188039611142,0.23128962957830723,0.7322306127068119
18,2026,4,11.456121941815908,175.80526264750915,17.591163565398592,16.53467933735415,0.2459154416612705,0.8229014982433507
18,2026,5,2.1968409197809393,107.9676178559792,14.760101327767075,14.907390023970962,0.2199927560033656,0.7859660675964817
18,2026,6,1.6445432560944369,85.28868018969712,12.471680019843411,13.457104046299975,0.21268954670361556,0.7452548640898939
18,2026,7,10.367913944053427,100.31806853869472,10.436976406821358,11.654795456442812,0.24592319905465582,0.7080095502900485
18,2026,8,49.64742284014714,1446.5151695554277,5.145304956653259,2.8366315463453624,0.4055972798571429,0.7849416639998495
18,2026,9,42.93965648110767,2069.0204488263007,37.29349047841428,48.1396752175803,0.13155798186689044,0.5587160993768475
18,2026,10,52.29268426012809,1435.6660302560065,17.94509990745907,15.991315855924313,0.33638269052193936,0.62854198747167
18,2026,11,39.172708736810584,389.9569318547204,20.09803117676399,16.54527421368624,0.22445062119244263,0.7253103352406784
18,2026,12,11.567984749599134,175.3327388797088,17.46409788841518,16.409465358830126,0.2428021662208097,0.8212541637838228
18,2027,1,2.2313341511411835,107.84584163911643,14.704574554412016,14.854357924223574,0.21805299342730083,0.7851113329374965
18,2027,2,1.640185931458106,85.17759944977593,12.44742438783998,13.432240176664653,0.21128832045183693,0.7448830590775002
18,2027,3,10.22193680270442,99.98290353655966,10.424225319761739,11.658839329908346,0.24445464164087283,0.7078633416735863
18,2027,4,49.36474478738143,1434.4005189918198,5.001644687753153,2.7391835750151117,0.40471316295471726,0.7801617528793081
18,2027,5,42.911739832894185,2069.453555555485,37.44520133181231,48.4726436463187,0.1342586091679535,0.5626918783210628
18,2027,6,52.10103301946616,1439.570720556965,17.985089423727803,16.04423251949784,0.3359970049731429,0.6278488277873809
18,2027,7,39.32186253020424,392.16342477095145,20.1087733276459,16.55518188404582,0.22442490129107295,0.723188195525942
18,2027,8,11.63688325390305,175.75643198686583,17.476424186569265,16.41474115271357,0.2428896816685155,0.8213434103753074
18,2027,9,2.2538718038797043,108.04857500541328,14.716340650603343,14.860667232601113,0.21819017878702213,0.7853507438416223
18,2027,10,1.6250164876154827,85.20035237450554,12.457871597953421,13.440053762682805,0.21134638793047822,0.7450613696898767
18,2027,11,10.162165675627847,99.84854911834987,10.427365789705284,11.667320281306626,0.24408819894654182,0.7079950054994827
18,2027,12,49.09825784929699,1424.8927607443281,4.916911358425775,2.6825008062694025,0.40444541991117666,0.7771989972981024
18,2028,1,42.909929919322416,2069.6190750712994,37.43082807052609,48.56578079803137,0.13540820967895323,0.5655465521112855
18,2028,2,51.95476832175528,1442.6987670116946,18.002771030049058,16.08258438457262,0.33531542758684707,0.6271416710243045
18,2028,3,39.431702294406314,393.96405037492815,20.103909587426184,16.553610869867192,0.22410214100609593,0.7212072437363637
18,2028,4,11.706025335360536,176.08074128019507,17.4781660065793,16.411774082307325,0.24280973532794775,0.8213034578438996
18,2028,5,2.2774243614248206,108.20732472496167,14.721441827416545,14.862225620948223,0.21816886478383735,0.7854669195955564
18,2028,6,1.6209298042609248,85.24810147006485,12.464940901529825,13.444730731414353,0.21129577658722665,0.7451833572743505
18,2028,7,10.112164698822781,99.77344043196251,10.429497154126508,11.673860462031882,0.24365792721440466,0.708074180279927
18,2028,8,48.84599987660105,1416.1537949817148,4.844302135153342,2.635640934443092,0.4039983153885384,0.7743379031086968
18,2028,9,42.83914030906221,2069.7809092542357,37.33403926915908,48.5263196634734,0.13549478369542295,0.5670154542447085
18,2028,10,51.838602317592084,1445.4349664422957,18.007423303302698,16.113970398031032,0.33448645972623087,0.6264164397725333
18,2028,11,39.51314502211978,395.468467348776,20.08678261814753,16.543189147795893,0.223534043740997,0.719320102803092
18,2028,12,11.771290480456827,176.3087111651181,17.471050328668227,16.401368593447973,0.24259433586113305,0.8211626654883593
20,2024,1,298.25160967772524,1497.8053893156473,200.00091572004547,202.96497130368576,0.39158147755790884,0.5628718929256393
20,2024,2,56.02936754309242,1192.000552950244,123.86121805947639,119.6503629871394,0.19951233369223043,0.40777926970029754
20,2024,3,37.50625195945688,320.26929001602844,102.47344911069317,102.7196423870444,0.3222466862824828,0.3292291849679896
20,2024,4,18.54613189816436,186.88565658507133,49.64877189604936,51.27927580780164,0.2765539070096884,0.4109084079484784
20,2024,5,27.83868149975961,125.86415512667139,25.81052374439389,28.712569799082726,0.5129733303768892,0.629840977239989
20,2024,6,13.835052042449433,87.93627139934404,20.469663964932813,20.208078439786892,0.5143630994105247,0.8026933070295889
20,2024,7,30.09292716188655,97.38734762484188,13.789783298960469,12.892996323689449,0.5591424550265144,0.8079323527627835
20,2024,8,556.7261314232948,689.1948254939355,79.94518316466814,63.23314072987222,3.3198283241379474,5.862586686129319
20,2024,9,805.3787292201476,1240.5311794276759,151.33291388190597,127.88524775131447,4.414737856110407,7.359976161154982
20,2024,10,-10.231629213561064,1924.1186079175834,69.97613325104473,64.74742163642686,0.8821689202712188,1.0232316455423158
20,2024,11,61.55340644698843,1147.2552840928383,28.311281073423764,25.666450865405412,0.7068919535630924,0.8639437326632564
20,2024,12,24.000243860885767,359.935268862292,43.85800872637107,39.33430984233703,0.5779879384279365,0.9031097803854629
20,2025,1,11.625299807043746,201.3952928242682,32.63075981230641,27.936319247960917,0.4910113494866008,0.8841788834678996
20,2025,2,3.2025506888310957,131.6092686209003,21.073001478824235,20.35445511562185,0.42126915384376196,0.8606898987001406
20,2025,3,1.3565606342062466,89.97946801687743,14.128154559333826,15.219239043963633,0.2915452203557466,0.7678194939459175
20,2025,4,16.224361236238423,104.15245710919453,11.53910884448112,11.972198038612277,0.34199684038379224,0.7350380615703438
20,2025,5,84.26280856578819,1529.6491489818677,19.373504541577965,16.32940496118754,0.7099671481100539,1.4521856960576098
20,2025,6,89.8952291539808,1791.0172028865954,83.60880754249577,87.13877107860131,0.6112529780963876,1.4617231838294975
20,2025,7,56.196762558876664,1213.3150361761382,24.42052540675825,17.685836820284777,0.5195892101454909,0.7285442081523064
20,2025,8,41.55427420692524,340.9855475765844,27.639393018029836,22.296388266988266,0.3931931890054498,0.8698541817517557
20,2025,9,10.71143215695865,187.33366487763482,21.70917573160559,20.170325399864012,0.3359924861032097,0.869149063693633
20,2025,10,1.2825402436450304,113.7901233406617,16.347008800339108,16.418539724309653,0.28869338036954467,0.8112189581473207
20,2025,11,1.9414367421845498,89.922385415223,13.351382598713673,14.367029686751703,0.2603571851089558,0.7583147775954514
20,2025,12,14.557914607932787,107.62932833249039,10.852664812922388,11.55492152177128,0.29198507585786704,0.71348405123119
20,2026,1,62.32904067939886,1627.1624160259018,11.532642407255366,7.0550174514028505,0.4851456962700297,1.0220423807003158
20,2026,2,47.886968962622355,2017.3413463314414,44.50221686888987,55.49985680385268,0.20209897249922915,0.6124138230106562
20,2026,3,55.479214711563856,1336.5354628897298,18.809555532578013,15.475651645150236,0.3778834083008511,0.660372561771109
20,2026,4,37.6415252381123,348.6841478733256,21.389402434406474,17.53453697200371,0.26071556915190597,0.7896688122190496
20,2026,5,9.728456255576276,172.37437796926542,18.119255938835195,17.125404116490497,0.26009256761711896,0.8307983153823504
20,2026,6,1.5733375348635121,105.58953664207326,14.923604246983842,15.12256124835585,0.22892091327383585,0.7878344341871193
20,2026,7,1.7886259084711185,85.22190356025294,12.45474411282358,13.47961049282225,0.21897288471669746,0.7447284826421978
20,2026,8,11.870548170542108,103.54734147369169,10.457093593199243,11.523643729725862,0.2584888583350846,0.7069486934317053
20,2026,9,54.8807625602893,1600.9637851705916,8.373253590139033,3.4284746134159825,0.43758978692378725,0.8487427833865997
20,2026,10,44.599313396257166,2052.6349781518243,38.90913543056349,48.27700458328897,0.1283460820901381,0.5418082976273851
20,2026,11,54.58555043316211,1379.9808106900916,17.92052336505975,15.39580047557277,0.3510972230845906,0.6437610720938858
20,2026,12,37.639975816774225,361.35846830992637,20.39919630843523,16.735224437772928,0.23535687611891076,0.7607301865392123
20,2027,1,10.442861281004653,171.1532108735217,17.576609444207175,16.587678970677636,0.24718659977347263,0.8235513886971281
20,2027,2,1.8273952720831517,105.49980679806913,14.681461586014741,14.88497736933995,0.2202220133379753,0.7841253300222328
20,2027,3,1.7664265573347961,84.91461890250486,12.369990378788952,13.384182654534548,0.2130236794779244,0.7435047728150084
20,2027,4,11.15896458047608,102.14847724044688,10.408142700499749,11.551454829175047,0.25116301702841926,0.7065187092570482
20,2027,5,53.38900134729529,1550.0887261707553,7.169667093044911,2.618132513510915,0.42288630676384753,0.8145676983903003
20,2027,6,44.17732274370579,2060.4696753882995,38.34062504200584,48.20750118448393,0.12762483279155395,0.5454718200009167
20,2027,7,53.78914448237664,1400.0663555748238,17.89741967152941,15.591951786624005,0.345788304058099,0.6379130317197182
20,2027,8,38.14156545330708,371.23169541088737,20.275400022045737,16.651663077419993,0.23100189053531234,0.7481138891459136
20,2027,9,10.822063546909874,172.49399105596024,17.527044555316714,16.515168820281588,0.24536210603795322,0.8226200352459989
20,2027,10,1.9592720026524972,106.25033285041798,14.683197841104619,14.868318486499774,0.2192551258012737,0.7843752691638812
20,2027,11,1.713989808993901,84.97502631534337,12.396303176278145,13.399788182288251,0.212281756349396,0.7439832903389387
20,2027,12,10.808132286931297,101.33738354339522,10.412294130939003,11.589819320081343,0.24860345378377013,0.7069868506856166
20,2028,1,51.86298371406259,1510.6079152726657,6.306902276167868,2.7763053233621946,0.4181068486645262,0.8041914204578722
20,2028,2,43.75537607036269,2064.170390526013,37.98271511507955,48.266635168233954,0.12969552962393244,0.550969203123032
20,2028,3,53.2368434356741,1413.5791893862533,17.90568914288696,15.749074848769244,0.3424933512176998,0.634212934370747
20,2028,4,38.53406973821077,378.2998033506183,20.213926204013177,16.614867797002105,0.22863317423084095,0.739602022107944
20,2028,5,11.09790790731114,173.56978779282406,17.50669178731873,16.4785917863799,0.24446119400227595,0.8221439824250725
20,2028,6,2.059734046441605,106.85673034083516,14.69366916587208,14.865360434544609,0.21884929362402517,0.784691481430744
20,2028,7,1.681763198368401,85.04520787190376,12.417711424133117,13.41432592543375,0.21197699622965277,0.7443533000738358
20,2028,8,10.58536068188306,100.81743114376417,10.416836960762833,11.616043172139953,0.24704090387537714,0.7073192508783811
20,2028,9,50.868975797432505,1482.932026744505,5.726998641069606,2.8815271995258342,0.41198110624036377,0.7971493379778578
20,2028,10,43.4450418616172,2066.619214108004,37.69817610987258,48.24377700211945,0.1306803043541196,0.5543678764231634
20,2028,11,52.821669560407045,1423.2656061624318,17.927473950339415,15.855752302937649,0.34000712546634115,0.6317792683676984
20,2028,12,38.811493967094314,383.30825084875966,20.169225982829126,16.588321084394735,0.22693475696645715,0.7335464598265398
21,2024,1,381.23674912006305,1174.8314683434423,212.2165832613517,211.04234340862882,0.060971689563471654,0.13683258192562442
21,2024,2,137.70399085581454,946.8502870740094,196.2507382839982,195.73172622009423,-0.027068511913338367,0.011810430770659908
21,2024,3,59.72331318465092,296.96867274527216,174.32162874185116,176.61755925048013,0.1334365137553607,0.0893496221302088
21,2024,4,43.0496281829346,33.56811769995238,132.50770162801453,139.0001424023627,-0.027130194487926196,-0.07935582964121823
21,2024,5,162.02291316944084,-81.0053563990964,87.59092714085912,85.65355483619635,-0.249663036407357,-0.30739879323101293
21,2024,6,527.8036990144049,30.251718688745996,63.12810759495561,56.83484368812009,-0.0821874655804884,-0.13419248949025686
21,2024,7,1068.7799236664816,1028.6077145543072,255.66231562361008,259.6503085042646,0.09121712619945166,0.2903843093470856
21,2024,8,68.22207867287774,1694.761195165737,40.989296093911335,23.543889862836615,0.7707642218915483,0.1733266177357815
21,2024,9,69.96005748346042,709.670585040679,41.734695817130294,35.328616440384316,0.8248283771731717,0.33588163137437255
21,2024,10,17.013449723368325,222.06860824519367,86.45357617848101,83.7442982386383,0.2394843366013738,0.4872499970756192
21,2024,11,-9.076748736037132,96.91834895805596,50.457077476755344,49.13846687131187,0.24635629508050116,0.5326652840498401
21,2024,12,4.417209059463644,82.53181084860228,22.960722565610748,20.979291284133836,0.49686768253393476,0.8005083630309029
21,2025,1,4.693655596716837,79.80486480816415,14.33699673806634,15.256959617462613,0.36707506222293507,0.7807106513667925
21,2025,2,60.76650507971675,309.7991591626095,4.956669003021183,2.3778178475071385,0.6276218359914808,0.9162725419916742
21,2025,3,607.2732623349438,813.8476049004091,93.59801359693817,72.4440275218926,3.7848085924578116,6.4556100516373895
21,2025,4,695.3130878043183,1286.5440826214701,156.25274107693917,131.11070038846378,4.2118598766225706,6.974934293922754
21,2025,5,11.830127895111332,1836.3806062184779,49.9059092343892,45.13510428804152,0.8127508876458989,0.8317223355813324
21,2025,6,71.61729046763016,897.467627658199,28.949656252128342,26.460292356286807,0.7796178742939953,0.8778411887636364
21,2025,7,22.38082115528583,317.684289378371,43.22295116756845,39.27513572647969,0.5510042527062373,0.8779171381302732
21,2025,8,10.326526126040363,189.25232127864643,31.62905377882482,27.112731748950523,0.49724840674011705,0.8799524959565288
21,2025,9,2.501583003042086,127.3217443381796,20.269701543802043,19.87596405836603,0.41111240998158505,0.8510632556220648
21,2025,10,3.0804035123410216,91.99842956493649,13.60073739620995,14.738568227081092,0.29193518000235485,0.7597088257857949
21,2025,11,23.213787360220977,113.22146045428548,10.674014181030486,10.83320915172769,0.3878664204427221,0.7403820245375783
21,2025,12,132.21135648965068,1480.5553876173776,37.924190704731714,36.72865070677675,1.1909408739124694,2.259812851671648
21,2026,1,190.34577364875292,1397.74844142596,117.47281585415035,101.22863269166386,1.7879055086040467,2.9108244106029972
21,2026,2,45.262594283561185,1257.5747223688036,41.57531835872536,34.38055582860635,0.6757235706933548,0.7909987781312933
21,2026,3,48.888964180080364,349.3554192397985,39.768008513275404,32.540998809347045,0.55486319346439,0.9056533234569912
21,2026,4,15.615560438952585,205.02414397084607,29.309122269854335,25.292572938865142,0.4684137612972743,0.9001769359530567
21,2026,5,3.181149729475976,130.55041640368546,19.984441881434364,19.23205116027856,0.3955723551966417,0.8506273683315713
21,2026,6,2.827286253575494,100.46744469418195,15.463273509326338,16.1983957259977,0.34094017796441817,0.795326735749168
21,2026,7,14.956589514060596,105.47376912012146,11.74348239232527,12.21799953025484,0.3304168407789125,0.7346629702872782
21,2026,8,82.93378057250013,1544.5806757197481,20.300727828666634,17.27559379344327,0.7165977612775003,1.4547007885450816
21,2026,9,77.30783465409662,1819.7699296587377,77.41719204386263,82.96598426590874,0.5189749262639499,1.2986398032880127
21,2026,10,57.084726455281356,1216.2686702465849,23.121918825421258,16.875100614067392,0.5046107379214928,0.7121549373150464
21,2026,11,40.45126889708256,339.2132028966554,26.64991775157292,21.54667090079721,0.37301447657685294,0.8626906289706138
21,2026,12,10.313034658144645,184.29174304996258,21.116912408832285,19.72599803900011,0.32355427778352114,0.8629428502446732
21,2027,1,1.2523096124725015,111.86221354948714,16.130346053808605,16.23095954916753,0.2783719990128024,0.8073708873328228
21,2027,2,1.9685820627450141,88.96852512708625,13.147598932406467,14.173371075579762,0.2528944973578141,0.7551753849656372
21,2027,3,14.444001692440239,107.74213156495273,10.783734001875619,11.506707078592335,0.28840436098006866,0.7115898509016604
21,2027,4,61.30301759064464,1631.7430444463807,11.287426055384636,6.810260296395679,0.47861194696246334,1.006813878478351
21,2027,5,47.43684514883208,2021.7339426591723,43.75477018253878,54.40865127818529,0.19021268765600374,0.6000662086732078
21,2027,6,55.48524324611505,1339.751076058296,18.673648124947285,15.437389964586284,0.37473066806297384,0.6587621065713422
21,2027,7,37.563786912942916,348.75128502446444,21.250763578463946,17.41298989568996,0.2576048544044073,0.7877764071670166
21,2027,8,9.767773667783885,171.93402074822194,18.043830865961873,17.0548599884305,0.2583983679646728,0.8298411890491934
21,2027,9,1.5916328855104638,105.4616315564013,14.885796179417774,15.087867267040263,0.2276990485011548,0.7872292735285967
21,2027,10,1.7936260061516265,85.15949324911077,12.436723046372574,13.46146717293384,0.2181691283845834,0.7444565133156755
21,2027,11,11.823456587515963,103.46245864358241,10.448416027696638,11.52057024159684,0.25783659711748025,0.7067827063343481
21,2027,12,54.78024300522782,1600.1353864321964,8.347337756954577,3.366972384411614,0.4363163882052432,0.8462320725933571
21,2028,1,44.56654550306814,2053.2220677025944,38.81575236033431,48.17189273222854,0.12747540882576364,0.5410164889660781
21,2028,2,54.56201817371313,1380.8423774243956,17.90684108136005,15.400048166032779,0.3506549010326317,0.643431106175693
21,2028,3,37.643764794718855,361.6733840102114,20.38139969376401,16.72243447044728,0.23488525672688504,0.7600880249072002
21,2028,4,10.457394717835143,171.13730786099057,17.56658887797266,16.57807432027444,0.24694668543727044,0.8234202725830104
21,2028,5,1.8329231202630893,105.50196992823703,14.676976260365898,14.880210216097574,0.22005632144042558,0.7840624648814188
21,2028,6,1.7635848238763288,84.89771444082197,12.368070481333799,13.381799979758469,0.2129197454694614,0.7434828339154311
21,2028,7,11.146460953258796,102.12524362012437,10.407853324651438,11.552333226310513,0.25103193214310776,0.7065316413407103
21,2028,8,53.31706151158761,1548.37464580248,7.130540139400953,2.6256052020781375,0.42267450356435465,0.8140506888997052
21,2028,9,44.159734443407444,2060.692397679667,38.316813676128504,48.195389404679716,0.1275866483406186,0.5455234266218365
21,2028,10,53.77157986319045,1400.5336718070348,17.89525306261384,15.597070659458609,0.34561464765229205,0.6377757386338748
21,2028,11,38.15086536435154,371.4571216149647,20.269412167953732,16.64740817219912,0.23084806067133717,0.7477684047273263
21,2028,12,10.834966370017753,172.52407458848126,17.524306614598064,16.511992521810217,0.24530456576080417,0.822570071760415
23,2024,1,68.319177998741,710.0961007852924,50.366669783838304,45.5037569240244,0.5064526198919426,0.49240865089108365
23,2024,2,32.729791936100916,249.71285098015625,39.51752125452659,33.141342640225666,0.46360526945863234,0.828173558825424
23,2024,3,13.09355582471693,192.76856948259228,30.166069890190936,26.752169565434027,0.5317686707970997,0.9198833014638643
23,2024,4,4.570270236362703,104.5788341000785,22.690273010761835,21.54320330635587,0.5230643246815384,0.8681059161827989
23,2024,5,53.58266548249031,83.68948606811989,12.176010246830028,11.513335640138205,0.6432511549326511,0.8297687693806856
23,2024,6,51.26404779149688,1038.2477041478066,3.060695139637602,3.513020788627159,0.5033002468122474,0.8550576871951856
23,2024,7,219.00822127635269,1402.8247471186296,102.34737027955144,90.31294480289372,1.744936628812471,3.0254637721410544
23,2024,8,30.601374171895984,1438.7317465155263,74.6661032738484,70.75063296207236,0.7315921436893882,1.1388150187592747
23,2024,9,65.4584387562552,477.95477455800597,34.42716797916321,27.391301782602493,0.6416395423353899,0.891549288730771
23,2024,10,20.318825527656713,231.8483600823227,31.52628268828596,27.109131132355706,0.466462739203626,0.9077503292867749
23,2024,11,5.650325165512186,145.33713359421114,21.209505260398764,19.884550525641977,0.4003156811651223,0.8647741245765246
23,2024,12,2.2565714506652483,106.96692980550273,16.259168390589146,16.850638967350363,0.3602497234186183,0.8098616979314419
23,2025,1,9.973948196228235,99.71231197573468,12.524654349818483,13.29230087121261,0.3187044947708648,0.747370674690744
23,2025,2,49.38291834945158,1189.6764298166386,2.7594697213312926,1.6195266398716477,0.4713257399108369,0.8285020946073058
23,2025,3,69.14446137429019,1937.110047242603,55.69478404115992,65.9026419315703,0.4710615931346181,1.132075143860228
23,2025,4,49.615957408126576,1462.7261477296886,22.58077114928963,18.76050881958205,0.37573189901116766,0.662376334884797
23,2025,5,45.52621919009102,423.82151576442214,22.113919794725565,18.185588875968335,0.2726804823319687,0.7338799554428614
23,2025,6,13.54653490402977,192.11009663627982,19.22042100787383,17.838496650989132,0.2745804788526215,0.8397552590973216
23,2025,7,2.7285292498614666,116.14012392035028,15.648516716634283,15.602535840814795,0.2421384571993746,0.801487823833255
23,2025,8,1.4646344640448348,88.16528279138498,13.067020743465118,13.980423118353148,0.22891906806861317,0.7547582720177779
23,2025,9,9.753910068125762,98.47788569322068,10.653485190560769,11.895999341723353,0.24821283513529663,0.7139057893007357
23,2025,10,46.55524132254874,1284.7748824918779,4.2128246749869085,2.239705680244473,0.4031745630569701,0.769941207662604
23,2025,11,44.54932933453222,2059.6681956031052,38.45830177119288,50.4872213230023,0.17651885483950835,0.6341310210314096
23,2025,12,49.92598376241407,1484.4330788492027,18.580647179235747,16.745810295653936,0.3322814583137135,0.6228683628705642
23,2026,1,41.81188411096797,415.33334291290214,19.95749839299372,16.535382776538608,0.2184243315640595,0.6993079315492157
23,2026,2,12.666490648132566,181.30854620055374,17.593712298831804,16.457290204922295,0.24421585702215398,0.8218355598368392
23,2026,3,2.6369171759859,110.89713703084982,14.850160285687434,14.930881285351479,0.2196822343244576,0.7880875987425752
23,2026,4,1.5404275550015711,85.8097942703443,12.5774969766831,13.52919213318535,0.2120448545931493,0.747098979220111
23,2026,5,9.502849683101601,98.36916837329778,10.46687857781366,11.766422236565464,0.24003458433023672,0.7095352623062884
23,2026,6,46.46625446910623,1314.6573240232185,4.4500015722000335,2.3833299248089546,0.3946968806329632,0.760210621060317
23,2026,7,43.198318503133244,2069.2266672356454,37.27109445723093,49.28410223046782,0.1505803154795879,0.5989741931003469
23,2026,8,50.423679547505614,1478.2556597851112,18.284367119978164,16.551857682976696,0.32909840399003454,0.6205778322123311
23,2026,9,41.23332409390273,410.82530954143965,19.883403336038604,16.436549571122036,0.21638903254615754,0.7016250870855767
23,2026,10,12.473915844096624,179.71055381795867,17.497999382029032,16.380443983245623,0.24222529481659044,0.8208455707969644
23,2026,11,2.558999550967343,110.12021277885873,14.786966907325478,14.884382151568484,0.21828447253962774,0.7869545656431813
23,2026,12,1.549751147158176,85.56043343153817,12.534192622972476,13.49320310229427,0.21110500496154783,0.7463915790295774
23,2027,1,9.599624239426745,98.61264069109114,10.451697475617568,11.744301779749538,0.24030213908753012,0.7091092946846745
23,2027,2,46.86866084190629,1339.6506907953162,4.521069312588185,2.400154747149056,0.397356480360758,0.7564159825726677
23,2027,3,42.88416148628289,2070.6825339546126,37.09575217037406,49.00005889885369,0.14356687871430268,0.5874635432175105
23,2027,4,50.74813446512691,1470.4190397662644,18.17456382533063,16.428936194717924,0.32938301748132565,0.6210377883926521
23,2027,5,40.78130579114014,406.9739363933247,19.912049690048164,16.44075036563641,0.21779967311029697,0.7056710339943209
23,2027,6,12.3058611401881,178.74896234236974,17.47454509852862,16.37045334313608,0.2419553299953327,0.8207599147604729
23,2027,7,2.5007440150686193,109.6628309222341,14.762714985268818,14.870399945009687,0.21793444840605386,0.7864820120919517
23,2027,8,1.5680803279653475,85.47683245634329,12.51360983827455,13.47718633317119,0.21094225032945463,0.7460432039099363
23,2027,9,9.705154041216801,98.84665932889123,10.444132894146936,11.727195581735653,0.24092883103276258,0.708818551015518
23,2027,10,47.151166360854866,1357.4842569433413,4.615068233981724,2.5339993833593333,0.39837876171139047,0.7563383596422628
23,2027,11,42.67764527322032,2070.846931847377,36.93945860522439,48.59875586257057,0.13909203010572685,0.579988981431403
23,2027,12,50.986102578145946,1464.939430471169,18.102861684044253,16.350652431938652,0.3298357517627556,0.6218628249018627
23,2028,1,40.45697942812768,404.27475052337536,19.92743854926356,16.444514667118376,0.21860930397332412,0.7083957175224153
23,2028,2,12.190378505261336,178.0588837608255,17.45553904120932,16.361290596835943,0.24172354962501025,0.8206430695810317
23,2028,3,2.457197832833529,109.30335073469251,14.74451027645254,14.861199321215,0.2177893173667001,0.786101048121482
23,2028,4,1.5844405934476953,85.41842794180843,12.49756246350691,13.465202615372345,0.21083296899157067,0.7457785982639934
23,2028,5,9.788004103595412,99.03445107384272,10.438356507021002,11.71375087486139,0.24141106976913124,0.7086056128473595
23,2028,6,47.43367526281947,1370.432433665002,4.6103287769789105,2.5172431012474625,0.39988872327093616,0.7589165302695735
23,2028,7,42.73422283317214,2070.720989602043,37.0167980106327,48.6054349274425,0.1385678035362291,0.5776932170828406
23,2028,8,51.141078542113455,1460.844705179159,18.07964483713733,16.30202494370011,0.3308623825256988,0.6228787085374939
23,2028,9,40.23574371235342,402.50111397404055,19.96530783095139,16.468799552194184,0.21981418532650632,0.710663457284971
23,2028,10,12.099835464448716,177.68241899566885,17.458796374476222,16.369748100261404,0.24190253453161342,0.8207519120828185
23,2028,11,2.424301385035676,109.1061453677138,14.739858003198897,14.860757417111941,0.21781281549035258,0.785979851676244
23,2028,12,1.5901578905248641,85.38245588827465,12.492060612442199,13.462284244601946,0.21095712494298463,0.7456718553240247
24,2024,1,248.84169989996536,1001.395537041411,220.59204037831768,217.20592804618983,-0.038723317644236976,0.05814964665856648
24,2024,2,97.84757116296629,527.703521222137,181.37199674992607,177.09327172295733,0.11361136524178533,0.06564270893141888
24,2024,3,67.09743220954238,165.27794904752074,140.52244062021856,145.14943459864764,0.12337845071534947,0.07271719769166896
24,2024,4,145.04411733571698,17.37536590025468,97.58233690368485,97.52435080534312,-0.14256461395913023,-0.23353243534523238
24,2024,5,535.6635007344937,40.67916777931384,79.86279266672807,74.54664692542707,-0.1795143589997168,-0.2858258868354966
24,2024,6,878.3278133316406,666.6167337572429,239.47265697732067,235.21580371761536,-0.19402881859607668,-0.010881876786648759
24,2024,7,45.58878130538574,912.0107122990671,116.42014071692464,104.57194566232427,0.3920541325242942,-0.023402324618687187
24,2024,8,47.50846359801767,262.3175306427386,91.6152696434487,96.62595435275567,0.31384891254179426,0.16325079014236432
24,2024,9,181.5733762926032,84.79736923580839,95.08203682559477,91.81237051682476,-0.18042152213880158,-0.3432416605932427
24,2024,10,499.7778199795995,105.10171073123291,103.02555596959294,94.72024020278295,-0.2837465375638296,-0.35238443074333037
24,2024,11,537.9089573209956,342.0999802217259,225.53355592218725,222.27131064373336,-0.2915838396324315,0.035126034332050526
24,2024,12,39.3626955335897,226.50779198746778,162.1294080641518,166.5300970501123,0.14164428784398403,0.08203888702277595
24,2025,1,200.35038722868933,131.69210849473978,103.68179361452397,100.64262095506339,-0.12538236418322157,-0.4486710660030331
24,2025,2,757.8103845120559,237.00001480917604,115.71965082688243,106.72605681416118,-0.24528982471502814,-0.5234542934062412
24,2025,3,659.0789293350306,925.7114980873125,273.1533939183773,265.9355917281175,-0.3190996905425266,-0.1871776401000671
24,2025,4,55.982005318784516,775.5141142376069,70.12279115693761,62.72532978630106,0.6809917304544804,-0.03529448618377207
24,2025,5,41.77179875412338,178.18138102107753,106.60250115101063,111.97534366618551,0.20821379432105308,0.11465049831854213
24,2025,6,156.444597156488,33.15856505481918,93.73816054624402,91.15023223094403,-0.2154447976123769,-0.33329862267771126
24,2025,7,489.11493237607164,67.1532372093439,88.21893951073935,82.24012160467684,-0.22574300093208688,-0.2976476978654594
24,2025,8,615.6454421296597,416.3765825378399,216.97545070568117,209.79315085320246,-0.2233589957843416,0.14056359456165612
24,2025,9,56.729026001680936,381.70661319125196,160.80976515712385,160.11021524753852,0.14891582739695236,0.02030166733163452
24,2025,10,143.35909118341857,175.607816932734,106.22329265153085,106.0659927720295,0.018691862122206415,-0.3307516411933502
24,2025,11,598.9663612173883,198.0207697042896,106.02486985831098,96.86917837107876,-0.28916082157426315,-0.5695800234142103
24,2025,12,682.8484329316051,693.2817595115442,249.76670564817329,237.7391374715436,-0.33830533964551324,-0.24455702145296643
24,2026,1,42.862060242611214,470.0920317380337,125.90234173538953,125.93265208523285,0.2640458256636581,-0.06837262620120299
24,2026,2,69.75977447741836,115.79045793449666,115.18483973983949,120.16517946351169,0.06910584372943362,-0.143912061000107
24,2026,3,400.4607511971031,58.6395173899607,93.49099647231733,86.77014730166188,-0.2936754738955004,-0.5397123264156549
24,2026,4,826.8998533043773,402.1814013323183,183.46439189024537,174.35733339582237,-0.27916779260404023,-0.3310158816981075
24,2026,5,212.59141121028475,574.4699948737018,234.94825816905984,232.9652600720401,-0.09180234045180347,-0.20342362345035103
24,2026,6,37.97887621280943,236.5161145790109,101.29141554937817,108.18383532099178,0.3057427753694179,0.12487347780981817
24,2026,7,293.85114482108565,79.6547676092876,99.58230243009568,93.54449391297501,-0.23995672973439397,-0.5042629595379393
24,2026,8,771.94630342789,269.85607933603404,146.03076183210345,136.92938338281357,-0.2976741465848679,-0.475700763992182
24,2026,9,461.4557722780503,710.9170787854727,265.87284597270354,259.3543157249658,-0.3439866888689973,-0.1595464328642533
24,2026,10,43.312762552141244,392.58886039963267,96.86030706267721,99.3629460349771,0.42569431371169764,0.09826052762734294
24,2026,11,104.36961839993839,106.80353336188989,106.59043640410407,107.17566628182429,-0.032583529066032235,-0.2701010816710119
24,2026,12,568.7932142531034,84.52910103701566,95.043160293358,87.29450169189936,-0.311773397348868,-0.5510570196295663
24,2027,1,796.7199403080485,662.7748142891212,253.7861361812351,243.32623385684758,-0.34130730025662015,-0.1885284190598988
24,2027,2,33.946994334782,464.4739821121892,142.3809903955271,141.76500470581047,0.21111916408733844,-0.0055951192718490805
24,2027,3,43.3705918280212,155.3349609986431,107.11929673652273,112.1624296302083,0.18617447485472088,0.06237530388756585
24,2027,4,419.7368517208818,81.56589311267743,88.8579704225361,80.84915178346775,-0.2643562926240729,-0.5320001794313503
24,2027,5,848.3021117376584,463.0422302887983,191.8875886022894,183.30129928745444,-0.28175529752777617,-0.3277309498773382
24,2027,6,167.47013731154146,555.9312889747947,225.6547227838012,223.6150021369859,-0.05881135141617477,-0.1950052934127986
24,2027,7,34.04299079742208,218.34854510986696,104.64865768288469,111.30175916219046,0.28050095161006944,0.15639356038763785
24,2027,8,269.56010194249654,65.66292063955387,97.46046515218396,91.9152530067775,-0.2361612555630216,-0.4793934368037096
24,2027,9,802.3031616942333,238.32733551501394,134.98363106575118,127.07396232142615,-0.2583151660394092,-0.4124495472311769
24,2027,10,530.5326833148981,805.0326291471719,282.65225259785404,275.0263491443344,-0.3634002059889099,-0.11107028904358751
24,2027,11,50.65122458816089,578.6561524732741,75.0048436739257,72.83335044775728,0.6319154261370185,0.07943530865462334
24,2027,12,65.08037656674941,154.55703529750014,104.74193316465745,108.58364129439514,0.13689028604528625,-0.028581974052332537
24,2028,1,375.03605964954414,64.24122336564727,92.15715188904144,85.99399414981175,-0.27620251015389086,-0.48881493139225607
24,2028,2,729.3913178231103,307.76701854371237,173.87388268568256,164.42374761520995,-0.2686019215552885,-0.19773070722326458
24,2028,3,197.95530660956683,423.5705526069731,238.24120692498613,239.2465751774166,-0.05808042420448378,-0.10990621894340458
24,2028,4,29.55351878924383,191.29583835990837,114.3630197505253,120.89187903700409,0.23809346609319199,0.15165621864366896
24,2028,5,395.7618772631955,99.27475881231629,93.18958555667237,84.62967926262303,-0.23732998595673838,-0.5229839915589904
24,2028,6,863.9538383443709,463.2173637164707,180.92601662842156,172.29392621759598,-0.2921890669454814,-0.47380811551269186
24,2028,7,251.81018820275165,733.4082247068033,223.7005157408915,218.84362104474212,-0.17009989600993802,-0.2508593583190759
24,2028,8,39.95773422169807,252.08620535406556,103.21483745396357,110.65649259459546,0.3149476381087963,0.0714708491109628
24,2028,9,154.23223999874534,66.06850754604574,104.6318961433632,102.93804762798759,-0.185155264337299,-0.41960753160923603
24,2028,10,663.9877667753271,105.23718677249275,102.40764949472302,95.09332270193771,-0.31764958518097086,-0.5023543665600045
24,2028,11,735.053133437518,765.1891334242546,282.7696353137593,273.84002601509656,-0.3693078752815472,-0.11976357039401231
24,2028,12,38.9241044214184,600.3281755789782,97.32209897732926,91.9973064821094,0.503431962456487,0.04461057663200374
25,2024,1,216.81434891815422,1235.6127822372669,201.74905747938246,208.44071506978,-0.06946202659067247,0.09554947603685005
25,2024,2,76.49483500972327,577.8330614153834,168.05935730692167,165.74055690947483,0.11683847854731272,0.1576124016656839
25,2024,3,44.12187511110532,168.81154235077634,132.56864121371174,138.22806919778245,0.16297964268922643,0.1406310239672921
25,2024,4,57.5060506536764,36.434625694189776,91.53979448629394,93.92998580081974,-0.005237662979923341,-0.023056657629507038
25,2024,5,308.30033102055637,-12.393671529132575,55.753887203204386,49.869991316133564,-0.07763643635628914,-0.07518591729991053
25,2024,6,850.0021178849021,285.95663772681405,95.36813308095981,100.08492715486297,0.16037797863969988,0.34133641469148335
25,2024,7,657.5152722655372,1465.2914598770212,294.91540745785767,297.7645049265887,0.005221073194162651,0.09295928617884153
25,2024,8,90.6954105506468,1576.5408438353775,15.459702685557094,6.138998945399571,0.9600405535095269,0.44463217843918623
25,2024,9,58.41549670182074,480.13706244823726,43.9810370537785,42.71174908281736,0.7039285069038534,0.5485674869737368
25,2024,10,3.9324837578004264,186.14073864797274,73.45410818239274,70.29285277772823,0.21710945338525395,0.5110146634386225
25,2024,11,-10.880721731668842,89.18820301303208,38.61968074588197,38.873560332973874,0.3128847739843019,0.600186583550778
25,2024,12,5.1000099492145665,86.3663195930003,18.77464493344184,18.328607982465158,0.4652325051072562,0.8322194448773039
25,2025,1,8.028944028671688,85.2617211785298,13.256472885387304,14.138707756997853,0.3547736815190981,0.7619499102417906
25,2025,2,140.07066428940038,1100.5295493927702,14.431516906981518,13.427602889117871,0.8709451394174463,1.842415458828595
25,2025,3,422.9802439056153,1159.925698877747,124.2766875787178,101.9550003861564,3.095752175164589,5.179101782697876
25,2025,4,67.32708656068736,1321.9009259123163,112.14157040175213,95.17106896503245,1.9020682804188058,2.70244612557197
25,2025,5,75.50789421356313,844.1460083514547,32.23978428914861,26.20204134384697,0.8182183625211708,0.8149011331497578
25,2025,6,19.905454799929373,290.96758884783503,47.302595064246624,41.23280246760518,0.5206972464674178,0.8554834113893424
25,2025,7,9.901389268588531,159.09780604173608,31.307475592520525,26.728269768219455,0.5311062750722388,0.8455740273197645
25,2025,8,7.059696406306571,124.95684219511173,21.175073244396337,20.21306383954547,0.4744031656498279,0.8615254634468736
25,2025,9,7.14125415656477,100.62351053000344,14.876981345884559,15.441303972356224,0.36833174112272626,0.7853975427702631
25,2025,10,27.44519614020954,120.04028767114244,10.45142664950312,10.679220903178837,0.4348713289151128,0.7450935325426551
25,2025,11,263.17308948155033,1106.175158899273,72.56163967667577,55.19623802231819,2.1676610950162147,3.849322335886378
25,2025,12,439.42486827549845,1004.9350989816116,125.38653299571912,93.07736700592865,3.7992960894635703,6.231832058810927
25,2026,1,81.02660867311752,938.5008049155266,116.40993836329824,90.36784552570546,2.9244993562750787,4.319566247402383
25,2026,2,21.9871869430308,1058.1274312028545,50.58483505881196,42.298412727254444,1.2930890249779008,1.3370681669225921
25,2026,3,22.7017340551321,347.96014019451724,50.293927002482036,44.402126068905275,0.5961049920582184,0.9491538709099838
25,2026,4,13.25430998005001,171.62072739556288,35.36304286212707,30.578728120761113,0.5955516752635259,0.8245599695090442
25,2026,5,12.38031455680013,137.61179460511602,23.378848406741795,22.050928574641745,0.5543311483084766,0.8840092145302527
25,2026,6,9.061284899846967,109.19775793612337,16.505577490347473,16.739832866276245,0.42730521552837564,0.8061416395309828
25,2026,7,21.841778148373493,109.27038302861422,11.947553579507403,11.805901408025598,0.412700999877968,0.7575376354384389
25,2026,8,198.60875645231093,1236.5386820650847,58.42174331736099,46.931352478771025,1.7273665093672985,3.209275114767113
25,2026,9,353.64091908197344,1044.3687616536333,121.59144294403502,91.61647532978427,3.4009703576900177,5.556310154358401
25,2026,10,70.95427853009988,930.3371917196239,109.42711364617688,84.96517646504506,2.7012810394440345,3.9900893749710438
25,2026,11,31.04775298694991,940.3116252718689,51.910608652882686,42.77485298873403,1.2870000736864442,1.4522893657259317
25,2026,12,24.48086218109828,318.5301133320081,48.72362246920693,42.36016296366359,0.6106529286551361,0.8935844031295694
25,2027,1,12.544702071340808,157.99993736556587,33.46442195172078,28.75096134534227,0.5993627489504801,0.8353955341962863
25,2027,2,11.656606237311266,131.98749593656413,22.64424926606643,21.45332542286453,0.544349713063926,0.875204565118173
25,2027,3,11.24116510377847,110.45930346166898,16.080120794392506,16.198006128910922,0.4344341282490781,0.7996962890337865
25,2027,4,26.205713198007615,116.4749284007907,11.42616507989004,11.33916950913666,0.4460521146043337,0.7567997155304627
25,2027,5,280.8581711022498,1034.3021547214535,73.66448071416923,55.72625599983567,2.2938002278148675,4.047004175021935
25,2027,6,497.5695765693396,996.2942351779118,125.4298280745628,93.44456947497741,3.972786351485994,6.531468863260099
25,2027,7,90.08270406136357,972.9016648460344,122.07383990306565,94.96487831423582,2.9943759977127415,4.395808700697591
25,2027,8,27.782543731890655,1147.8579561924107,44.95485077993219,39.56366348289475,1.1490085852263145,1.1324825273169086
25,2027,9,21.639291107393113,360.9898749351031,49.39622097940794,44.008984730852106,0.5857132572510069,0.9661598956384141
25,2027,10,13.461492647268912,183.09168650233943,35.93830349883862,31.161362447431067,0.5794761199758355,0.8241712767168093
25,2027,11,11.986788601057796,141.11862918703474,23.553989428986213,22.17817441019473,0.5448205087036201,0.8878163895319462
25,2027,12,7.347158043727362,108.06111314879422,16.554867843176716,16.91038800946423,0.41139120542783725,0.8075404954136054
25,2028,1,18.461495603326128,107.17479059145694,12.163101487032545,12.208863839307948,0.38491202093766186,0.7516922727663002
25,2028,2,148.3047155399383,1389.035833805023,39.292040892002795,36.47301549607349,1.3087810267643472,2.44664391190389
25,2028,3,254.9963938846493,1219.3372306216959,122.12777510925498,97.79662145091375,2.5221033277237175,4.0560146423490515
25,2028,4,9.369247614361058,1340.6605521200236,68.56709175662206,65.98960505167167,1.0303389184837035,1.3455766107619453
25,2028,5,46.77719085470364,403.3286614806568,42.13768414793984,33.32038640049535,0.6221254073985434,0.9843290015429824
25,2028,6,19.240597427159102,219.74196145972576,33.91508959097329,29.312554723790907,0.5332389133727952,0.8741022647352468
25,2028,7,8.338016372440975,140.02849169831666,22.579048806500154,20.83215886209814,0.4699401320032648,0.8752421138034413
25,2028,8,4.136229280740977,109.10125829585286,16.877731526037937,17.2947958794888,0.40203164670774655,0.8173152032425044
25,2028,9,12.885940131447214,103.29493622946399,12.647587146096505,13.101356813816594,0.3487474860338386,0.7493040364124457
25,2028,10,74.92728070577253,1484.858494448901,12.980823840135702,9.19882231734233,0.6216037885935696,1.2273943831909244
25,2028,11,83.72236499024274,1827.6214512409636,77.41470266957776,82.94030332460531,0.5561009825464293,1.3615059862757486
25,2028,12,55.12321316953748,1262.2973963369782,23.687386130138158,17.65920713792744,0.4854144184020558,0.7146257260053134
26,2024,1,446.4547214409438,566.6194753665334,123.06961929657699,112.31784279402822,0.09370276826344393,-0.08284195425533758
26,2024,2,424.70728711690685,471.38594410016657,136.86772753454028,126.81265811237222,-0.03943225302225317,-0.26689708947975155
26,2024,3,412.79495697200826,416.4730421201444,154.46324083097414,145.10682422097156,-0.14991026297900256,-0.38899117346615686
26,2024,4,351.81287254432925,455.1962367058905,155.601986733339,147.95814100387963,-0.12101231569984594,-0.41729874389171506
26,2024,5,249.96682336855986,274.4095484555152,143.1756535744612,144.49354068829666,-0.06800838144766896,-0.43939806216335975
26,2024,6,172.38589640261904,47.39604747251428,157.15014010191777,163.73407419448316,-0.19459352670872576,-0.33342082326121014
26,2024,7,429.0883469936443,57.586473577826496,132.58408201218197,124.95088185607497,-0.4229695310524978,-0.5677074576999366
26,2024,8,669.6864978605669,310.1637267118424,188.3335337924626,177.97246248211883,-0.4002136317865125,-0.5494538063966503
26,2024,9,275.97102556068626,463.9857556216882,199.96638353548016,196.30910910269864,-0.14319454442781476,-0.30752464522636935
26,2024,10,117.17670892042982,201.14108497156724,125.43289991049106,131.64152641919827,0.08479438104893133,-0.30679022458809
26,2024,11,480.33321819379734,153.08566614566269,119.1747984557347,111.00386168602292,-0.3771820814546033,-0.7322010058936943
26,2024,12,671.6862662914874,408.5279050712052,203.0116265652509,193.33401588236916,-0.40325144209908925,-0.5079071902854901
26,2025,1,185.88327104430203,412.84218807526287,188.73754699606823,189.22633507173367,-0.01903535449038285,-0.2896985742516007
26,2025,2,92.95347521498557,123.54576028221459,133.16774567833488,140.56667621449117,0.049535069935846554,-0.2588010573954911
26,2025,3,434.69340913126706,76.15193882397625,109.53723228630014,101.08249049555705,-0.3343103573665911,-0.6282673404944794
26,2025,4,806.658429456819,432.3275845122854,195.72192247094083,184.9109557252805,-0.3795840114530835,-0.5441810459606378
26,2025,5,220.6535578846811,577.9854819762922,209.87682370997996,205.64912207732277,-0.10856712196038565,-0.29008148564172775
26,2025,6,41.02593506270649,195.40854967868535,114.02816737466635,123.3046682249396,0.2217208095230611,-0.0227690480888616
26,2025,7,340.4439359649473,69.90349698603666,103.16418926061532,96.52639786756225,-0.28600680098990483,-0.5646788549915667
26,2025,8,777.6533161363516,291.1814583287002,162.4237997605018,152.88542586368226,-0.32620501099645305,-0.5036537823263734
26,2025,9,387.7645356437165,625.2916591083851,251.09642477063736,246.3289596112948,-0.29180955718559354,-0.2104441930288381
26,2025,10,40.03913297020325,280.92561756479034,107.72412193907022,113.99754734510473,0.3142987472150171,0.04151734393375528
26,2025,11,182.92549337024138,87.3932856692208,105.73984948751017,103.64955291509565,-0.18632610353698453,-0.450164493452766
26,2025,12,704.9099193989957,155.52487581579646,114.39573406117171,105.14005757721556,-0.3227153890050576,-0.5275874482015164
26,2026,1,678.5478888361911,793.9660151499389,280.1792317583876,270.86099353533405,-0.3787020786711256,-0.16039794210943104
26,2026,2,42.03562325859851,578.3361293823147,93.96575836088864,90.46048305522814,0.5156932193610424,0.03833952019414055
26,2026,3,51.62207914313646,159.08731085462483,104.73513654216887,109.76038322120262,0.18008913865921095,0.038435065471079444
26,2026,4,357.230894492128,63.99478675836451,90.42230657893975,84.44077157148152,-0.2658887920474102,-0.4898874727685434
26,2026,5,754.838418468799,306.48043678937097,165.39739629818774,156.55597874295324,-0.2542349277477478,-0.22687359896809878
26,2026,6,250.05093867893066,488.9014149468494,251.83727146167885,251.60453705191574,-0.11419703138113046,-0.09349945175766061
26,2026,7,31.98462852900058,225.999496455964,107.62828659402392,113.84585699789179,0.28847229465806407,0.15781955843173479
26,2026,8,304.35553135795107,87.60194761449651,96.65551058090091,89.90512323016796,-0.22404526149819304,-0.4935900043920862
26,2026,9,821.7026205142379,311.92235153839124,147.18276708423588,139.118962299069,-0.25134390539350027,-0.4745706520222741
26,2026,10,455.92299842678545,803.8674630879985,264.7065574254942,257.3354669098493,-0.34318737609231753,-0.178168268196508
26,2026,11,48.48426073940137,479.82195647261335,84.64045841135754,85.53494416755517,0.5400994475838727,0.09942897942175488
26,2026,12,78.89597503341818,121.96703578130081,107.31260722308907,110.11085465980254,0.04570498875223594,-0.14220770365873725
26,2027,1,441.92066804762777,66.89430251664629,93.62618693273414,86.36674476996669,-0.2958476946723775,-0.5374877645983145
26,2027,2,772.8361178340588,420.88086047498314,202.6687681242553,192.8614346161079,-0.3102460193114549,-0.2411273720089102
26,2027,3,102.05250615107475,396.59623929661996,209.48871875813796,209.82701694070863,0.04474133973898631,-0.11563504072042341
26,2027,4,37.87589720509996,166.44367591821907,112.04337553055805,118.19275041980873,0.20785119266616525,0.08637372146631583
26,2027,5,464.8242819273411,97.17239657889269,91.18268613974234,81.8366577475143,-0.26499895124306927,-0.5624852084612868
26,2027,6,877.7872885637107,570.338736716633,208.91011545938372,199.9038637043088,-0.3188314202974938,-0.4242860856222985
26,2027,7,122.60113491755823,670.1195625425541,188.1031609376316,185.9459708896313,-0.027564382574005508,-0.20561994768265968
26,2027,8,36.24772940308318,197.94910600298448,109.47336184265207,116.95799460087574,0.24082256227483406,0.1003439015195251
26,2027,9,231.35594558328177,50.82781342601163,98.16183058966465,93.98586412372886,-0.2391458185248858,-0.4567465284671628
26,2027,10,753.8813226399849,165.88190300200745,121.44397997969234,112.95207077749787,-0.2719278098261052,-0.3618564365292394
26,2027,11,593.6103702513687,789.1082256621992,291.8694521183065,284.15919747544496,-0.36776716657783126,-0.06919662814372063
26,2027,12,47.09676746322122,598.6828922638108,77.20202255090834,73.54691194171224,0.6236934270224179,0.08641912068707791
26,2028,1,64.74681118698089,168.86710274971995,101.57196172437045,105.57307309488628,0.16550689601385338,-0.0066337025178613285
26,2028,2,368.08969931952157,74.32501516527248,91.07841437573371,84.86476863806944,-0.2616068615277315,-0.47342423041273607
26,2028,3,720.4959343024971,307.4068173127815,171.36586962825092,161.82585652248986,-0.26285482277427663,-0.20034049299157508
26,2028,4,206.15426245189258,417.84030061815736,240.6093104697054,241.88413302537936,-0.06845559894205555,-0.09847632611948387
26,2028,5,28.245550070692673,189.27451339185097,115.48978994470613,122.01480606251017,0.23634206507884176,0.15809304917986422
26,2028,6,379.1451791663697,95.27509107379814,93.1065012986857,84.90464822875765,-0.23337958986115692,-0.5145409536345353
26,2028,7,869.612947545961,438.7478750246793,173.72760690430732,165.9277510949106,-0.2744342763490395,-0.4727623511566932
26,2028,8,289.8073581096768,767.213823261462,233.13505878310735,227.9727898478109,-0.203443582843851,-0.24413443138732083
26,2028,9,43.35943464118066,308.4874610635402,95.93436741717207,102.28160539581077,0.37958382139945535,0.08194638458905179
26,2028,10,130.65613327910012,76.41123403836855,106.11157131440156,105.48712364868662,-0.13505598436366795,-0.3650408328101977
26,2028,11,600.2559669249721,81.13042296349488,98.42282534516197,90.95361917519736,-0.32722183204591626,-0.5262974043922484
26,2028,12,767.5028066074507,675.758041731096,266.0669207083052,256.0443133052248,-0.35812856763936696,-0.14776576107455197
